,frame,フレーム数,diopter,Unnamed: 0,filename,param1,param1_value,param2,param2_value,param3,param3_value,status,image_name,times,figure,contrast,gamma,sharpness,brightness,equalization
0,600,746,2.430239223418261,1,pictures\transformed\roomBright_figureDark\3.JPG,gamma,1.011187051471438,contrast,0.9368327890502404,equalization,10.66055818567019,0,2_3_gamma1.0_contrast0.94_equalization11.0.jpg,2,3,0.94,1.0,0.0,0.0,11.0
1,3000,3121,6.171828122175977,9,pictures\transformed\roomBright_figureDark\9.JPG,sharpness,0.0681109881015987,contrast,0.8220981079087889,brightness,27.99291020868453,0,10_9_sharpness0.068_contrast0.82_brightness28.0.jpg,10,9,0.82,0.0,0.068,28.0,0.0
2,4200,4356,2.8926262546605668,13,pictures\transformed\roomBright_figureDark\8.JPG,contrast,0.9347490732845272,gamma,1.061497440069051,sharpness,0.2864117173884678,0,14_8_contrast0.93_gamma1.1_sharpness0.29.jpg,14,8,0.93,1.1,0.29,0.0,0.0
3,6600,6739,3.0495512684813764,21,pictures\transformed\roomBright_figureDark\E.JPG,sharpness,0.7606106401544827,gamma,1.078361635554232,equalization,26.9769300305302,1,22_E_sharpness0.76_gamma1.1_equalization27.0.jpg,22,E,0.0,1.1,0.76,0.0,27.0
4,7500,7642,2.990506482532459,24,pictures\transformed\roomBright_figureDark\8.JPG,contrast,0.8412846942734756,gamma,0.9038232902058416,equalization,20.99683115771141,0,25_8_contrast0.84_gamma0.9_equalization21.0.jpg,25,8,0.84,0.9,0.0,0.0,21.0
5,8400,8552,2.830768536562665,27,pictures\transformed\roomBright_figureDark\B.JPG,gamma,0.6858063541455847,brightness,13.12968441747658,contrast,0.8556319782855293,1,28_B_gamma0.69_brightness13.0_contrast0.86.jpg,28,B,0.86,0.69,0.0,13.0,0.0
6,9300,9443,3.092726885655477,30,pictures\transformed\roomBright_figureDark\Q.JPG,sharpness,0.1294952514378843,gamma,0.8880475619785158,contrast,0.9852900348418068,2,31_Q_sharpness0.13_gamma0.89_contrast0.99.jpg,31,Q,0.99,0.89,0.13,0.0,0.0
7,10500,10660,3.1836921276943744,34,pictures\transformed\roomBright_figureDark\E.JPG,gamma,0.9941289526961408,brightness,3.744283957439506,sharpness,0.5800468881503034,1,35_E_gamma0.99_brightness3.7_sharpness0.58.jpg,35,E,0.0,0.99,0.58,3.7,0.0
8,11400,11517,5.619254271755504,37,pictures\transformed\roomBright_figureDark\2.JPG,sharpness,0.4116929190735457,gamma,0.6583380041757259,equalization,11.73732253864105,0,38_2_sharpness0.41_gamma0.66_equalization12.0.jpg,38,2,0.0,0.66,0.41,0.0,12.0
