frame,フレーム数,diopter,Unnamed: 0,filename,param1,param1_value,param2,param2_value,param3,param3_value,status,image_name,times,figure,contrast,gamma,sharpness,brightness,equalization
1800.0,88,1.1826639489894102,5.0,pictures\transformed\roomDark_figureBright\1.JPG,contrast,1.179743119447345,sharpness,0.2565172213391415,equalization,27.0640447323212,2.0,6_1_contrast1.18_sharpness0.257_equalization27.064.jpg,6.0,1,1.18,0.0,0.257,0.0,27.064
2100.0,2006,4.176003428651064,6.0,pictures\transformed\roomDark_figureBright\P.JPG,brightness,25.01819971446276,gamma,0.6780777479833269,sharpness,0.8512741127336372,1.0,7_P_brightness25.018_gamma0.678_sharpness0.851.jpg,7.0,P,0.0,0.678,0.851,25.018,0.0
3300.0,2336,4.68718401708036,10.0,pictures\transformed\roomDark_figureBright\T.JPG,gamma,0.5356014137153986,sharpness,0.6427920853793581,equalization,12.44615428091422,2.0,11_T_gamma0.536_sharpness0.643_equalization12.446.jpg,11.0,T,0.0,0.536,0.643,0.0,12.446
3600.0,3520,3.5069841461281643,11.0,pictures\transformed\roomDark_figureBright\C.JPG,contrast,0.8752691657462702,sharpness,0.0111884980712677,equalization,11.27113382834347,1.0,12_C_contrast0.875_sharpness0.011_equalization11.271.jpg,12.0,C,0.875,0.0,0.011,0.0,11.271
6900.0,3788,3.457986987317147,22.0,pictures\transformed\roomDark_figureBright\C.JPG,brightness,19.06650053377246,contrast,0.9295701289146148,gamma,1.007375836916398,2.0,23_C_brightness19.067_contrast0.93_gamma1.007.jpg,23.0,C,0.93,1.007,0.0,19.067,0.0
8700.0,7154,2.666655170826782,28.0,pictures\transformed\roomDark_figureBright\3.JPG,brightness,21.42645536544007,gamma,0.5200871989338867,sharpness,0.0648182161676777,2.0,29_3_brightness21.426_gamma0.52_sharpness0.065.jpg,29.0,3,0.0,0.52,0.065,21.426,0.0
12300.0,8904,3.139533157475588,40.0,pictures\transformed\roomDark_figureBright\C.JPG,brightness,10.8322455660323,gamma,0.6103180066125278,sharpness,0.517237029632426,1.0,41_C_brightness10.832_gamma0.61_sharpness0.517.jpg,41.0,C,0.0,0.61,0.517,10.832,0.0
,12543,2.7935047039243166,,,,,,,,,,,,,,,,,
