frame,フレーム数,diopter,Unnamed: 0,filename,param1,param1_value,param2,param2_value,param3,param3_value,status,image_name,times,figure,contrast,gamma,sharpness,brightness,equalization
2700.0,2965,2.2533992421395768,8.0,pictures\transformed\roomDark_figureBright\S.JPG,brightness,29.40055538313983,contrast,0.9863249235312128,sharpness,0.4581877950901018,1.0,9_S_brightness29.401_contrast0.986_sharpness0.458.jpg,9.0,S,0.986,0.0,0.458,29.401,0.0
4800.0,4967,3.2985511418001816,15.0,pictures\transformed\roomDark_figureBright\9.JPG,brightness,8.46301028843345,contrast,1.01809039164369,gamma,0.6288976286133601,2.0,16_9_brightness8.463_contrast1.018_gamma0.629.jpg,16.0,9,1.018,0.629,0.0,8.463,0.0
7500.0,5077,2.1343869105004067,24.0,pictures\transformed\roomDark_figureBright\E.JPG,contrast,1.167476651977577,sharpness,0.8903190768954176,equalization,18.178496033,1.0,25_E_contrast1.167_sharpness0.89_equalization18.178.jpg,25.0,E,1.167,0.0,0.89,0.0,18.178
10500.0,7731,2.744970347134868,34.0,pictures\transformed\roomDark_figureBright\0.JPG,contrast,0.9074706974140548,gamma,0.9473483139499714,sharpness,0.4175199813068461,0.0,35_0_contrast0.907_gamma0.947_sharpness0.418.jpg,35.0,0,0.907,0.947,0.418,0.0,0.0
10800.0,10696,3.179491079026161,35.0,pictures\transformed\roomDark_figureBright\0.JPG,brightness,21.25006877634427,gamma,0.8721441500466766,sharpness,0.394136327863655,2.0,36_0_brightness21.25_gamma0.872_sharpness0.394.jpg,36.0,0,0.0,0.872,0.394,21.25,0.0
12300.0,11011,3.5305629048630016,40.0,pictures\transformed\roomDark_figureBright\C.JPG,contrast,0.8784094512418225,sharpness,0.3616321989922684,equalization,16.20481490578219,2.0,41_C_contrast0.878_sharpness0.362_equalization16.205.jpg,41.0,C,0.878,0.0,0.362,0.0,16.205
12600.0,12518,3.5412889027011243,41.0,pictures\transformed\roomDark_figureBright\C.JPG,brightness,7.372999277908201,contrast,0.8800217501243397,gamma,0.9391017648934484,1.0,42_C_brightness7.373_contrast0.88_gamma0.939.jpg,42.0,C,0.88,0.939,0.0,7.373,0.0
,12807,3.924649817085129,,,,,,,,,,,,,,,,,
