frame,フレーム数,diopter,Unnamed: 0,filename,param1,param1_value,param2,param2_value,param3,param3_value,status,image_name,times,figure,contrast,gamma,sharpness,brightness,equalization
8700.0,2641,2.5697624661659737,28.0,pictures\transformed\roomDark_figureBright\P.JPG,brightness,28.66229913817835,contrast,1.128138396506092,gamma,0.6552175431742284,2.0,29_P_brightness28.662_contrast1.128_gamma0.655.jpg,29.0,P,1.128,0.655,0.0,28.662,0.0
9000.0,5928,2.753268753301567,29.0,pictures\transformed\roomDark_figureBright\2.JPG,brightness,21.33125294636198,contrast,1.158237153462284,gamma,0.8089100846813659,0.0,30_2_brightness21.331_contrast1.158_gamma0.809.jpg,30.0,2,1.158,0.809,0.0,21.331,0.0
11400.0,6817,2.579315342660024,37.0,pictures\transformed\roomDark_figureBright\7.JPG,gamma,0.7347653035005346,sharpness,0.944454192765843,equalization,7.933794593088249,0.0,38_7_gamma0.735_sharpness0.944_equalization7.934.jpg,38.0,7,0.0,0.735,0.944,0.0,7.934
11700.0,7376,2.684258646432476,38.0,pictures\transformed\roomDark_figureBright\I.JPG,contrast,0.8968024625889323,sharpness,0.6325018415267654,equalization,24.10064368883729,1.0,39_I_contrast0.897_sharpness0.633_equalization24.101.jpg,39.0,I,0.897,0.0,0.633,0.0,24.101
,8840,2.6268484393175218,,,,,,,,,,,,,,,,,
,9480,2.430781952411231,,,,,,,,,,,,,,,,,
,11321,2.331495873253962,,,,,,,,,,,,,,,,,
,13098,2.176751814476335,,,,,,,,,,,,,,,,,
