frame,フレーム数,diopter,Unnamed: 0,filename,param1,param1_value,param2,param2_value,param3,param3_value,status,image_name,times,figure,contrast,gamma,sharpness,brightness,equalization
3600.0,3504,2.6618698499396327,11.0,pictures\transformed\roomDark_figureBright\B.JPG,contrast,0.8259123059967061,gamma,0.5170041600647183,sharpness,0.6790936729424888,2.0,12_B_contrast0.826_gamma0.517_sharpness0.679.jpg,12.0,B,0.826,0.517,0.679,0.0,0.0
7200.0,4077,3.2995734813823785,23.0,pictures\transformed\roomDark_figureBright\S.JPG,brightness,16.63241207992569,gamma,1.017025321273729,sharpness,0.3409316341840563,2.0,24_S_brightness16.632_gamma1.017_sharpness0.341.jpg,24.0,S,0.0,1.017,0.341,16.632,0.0
7500.0,5300,3.5205681025568167,24.0,pictures\transformed\roomDark_figureBright\S.JPG,contrast,0.9458432636591544,gamma,0.6378129472057472,equalization,29.31508158512345,1.0,25_S_contrast0.946_gamma0.638_equalization29.315.jpg,25.0,S,0.946,0.638,0.0,0.0,29.315
10800.0,5572,3.955148925767729,35.0,pictures\transformed\roomDark_figureBright\I.JPG,contrast,0.8325726023481397,gamma,0.8945866998919263,sharpness,0.5646263836566279,2.0,36_I_contrast0.833_gamma0.895_sharpness0.565.jpg,36.0,I,0.833,0.895,0.565,0.0,0.0
,7368,3.492042800253081,,,,,,,,,,,,,,,,,
,7965,2.9385731471672543,,,,,,,,,,,,,,,,,
,10370,3.1392053810054383,,,,,,,,,,,,,,,,,
,10677,2.412989117694904,,,,,,,,,,,,,,,,,
,11024,1.645704972156931,,,,,,,,,,,,,,,,,
