,frame,フレーム数,diopter,Unnamed: 0,filename,param1,param1_value,param2,param2_value,param3,param3_value,status,image_name,times,figure,contrast,gamma,sharpness,brightness,equalization
0,4800.0,4985,3.8373827457797467,15.0,pictures\transformed\roomBright_figureDark\1.JPG,contrast,0.9184976739247342,gamma,0.8568449864951446,equalization,15.59157311609905,0.0,16_1_contrast0.92_gamma0.86_equalization16.0.jpg,16.0,1,0.92,0.86,0.0,0.0,16.0
1,5100.0,5301,3.418798321054108,16.0,pictures\transformed\roomBright_figureDark\B.JPG,contrast,1.077270232744367,gamma,0.7064855434192385,brightness,2.858460786931203,1.0,17_B_contrast1.1_gamma0.71_brightness2.9.jpg,17.0,B,1.1,0.71,0.0,2.9,0.0
2,5400.0,5568,3.8994351536612584,17.0,pictures\transformed\roomBright_figureDark\3.JPG,gamma,0.6384507367192944,brightness,27.705657899062,sharpness,0.7701199374544162,0.0,18_3_gamma0.64_brightness28.0_sharpness0.77.jpg,18.0,3,0.0,0.64,0.77,28.0,0.0
3,7200.0,7347,3.467846655943523,23.0,pictures\transformed\roomBright_figureDark\1.JPG,gamma,0.7360138515083787,contrast,1.065466675973628,sharpness,0.7901422897883807,0.0,24_1_gamma0.74_contrast1.1_sharpness0.79.jpg,24.0,1,1.1,0.74,0.79,0.0,0.0
4,7800.0,7931,4.556618453699821,25.0,pictures\transformed\roomBright_figureDark\P.JPG,contrast,0.8197260143201224,gamma,0.514114483647993,equalization,13.28082955521599,1.0,26_P_contrast0.82_gamma0.51_equalization13.0.jpg,26.0,P,0.82,0.51,0.0,0.0,13.0
5,9000.0,9182,3.7308972143166126,29.0,pictures\transformed\roomBright_figureDark\2.JPG,sharpness,0.8386203321094243,contrast,0.8427644828060552,equalization,11.08434490725065,0.0,30_2_sharpness0.84_contrast0.84_equalization11.0.jpg,30.0,2,0.84,0.0,0.84,0.0,11.0
6,11100.0,11274,3.6095504153198252,36.0,pictures\transformed\roomBright_figureDark\S.JPG,contrast,0.8237251876937386,gamma,1.009020783184745,brightness,24.42495588293217,1.0,37_S_contrast0.82_gamma1.0_brightness24.0.jpg,37.0,S,0.82,1.0,0.0,24.0,0.0
7,13800.0,13980,4.461283933630532,45.0,pictures\transformed\roomBright_figureDark\S.JPG,gamma,0.7563792789915462,contrast,1.050363802528566,sharpness,0.9735369635437798,1.0,46_S_gamma0.76_contrast1.1_sharpness0.97.jpg,46.0,S,1.1,0.76,0.97,0.0,0.0
