,Unnamed: 0,image_name,diopter,average_diopter,grid_number
0,475,43_8_contrast0.9_sharpness0.46_brightness26.0.jpg,2.347904872883216,2.4512510653452515,14
1,682,46_8_sharpness0.46_brightness22.0_contrast0.89.jpg,2.704509459622692,2.4512510653452515,14
2,689,25_P_sharpness0.33_contrast0.87_brightness22.0.jpg,1.993339803380405,2.4512510653452515,14
3,958,9_T_sharpness0.48_brightness28.0_contrast0.88.jpg,2.759250125494693,2.4512510653452515,14
