,Unnamed: 0,image_name,diopter,average_diopter,grid_number
0,426,30_2_sharpness0.84_contrast0.84_equalization11.0.jpg,3.388734734642687,3.2283887871262307,15
1,620,11_C_contrast0.91_sharpness0.71_equalization8.9.jpg,3.068042839609774,3.2283887871262307,15
