,Unnamed: 0,image_name,diopter,average_diopter,grid_number
0,929,17_0_contrast1.0_sharpness0.37_equalization30.0.jpg,3.153253543062484,3.2288031016556764,23
1,1136,39_C_sharpness0.42_contrast1.0_equalization25.0.jpg,2.380693705823597,3.2288031016556764,23
2,1136,39_C_sharpness0.42_contrast1.0_equalization25.0.jpg,4.114687276784352,3.2288031016556764,23
3,1251,39_C_sharpness0.42_contrast1.0_equalization25.0.jpg,2.380693705823597,3.2288031016556764,23
4,1251,39_C_sharpness0.42_contrast1.0_equalization25.0.jpg,4.114687276784352,3.2288031016556764,23
