,Unnamed: 0,image_name,diopter,average_diopter,grid_number
0,509,12_P_sharpness0.48_contrast0.84_equalization6.8.jpg,2.422904936602256,2.6693725302583706,12
1,590,43_I_contrast0.92_sharpness0.65_equalization9.8.jpg,2.942837968299737,2.6693725302583706,12
2,678,27_B_contrast0.82_sharpness0.56_equalization5.4.jpg,2.40227317144736,2.6693725302583706,12
3,1111,43_0_contrast0.88_sharpness0.37_equalization9.9.jpg,2.90947404468413,2.6693725302583706,12
