,Unnamed: 0,image_name,diopter,average_diopter,grid_number
0,84,42_S_contrast0.99_sharpness0.67_equalization8.5.jpg,2.709300091617727,3.3382611972856884,24
1,1163,7_9_sharpness0.7_contrast1.1_equalization12.0.jpg,2.997394181797486,3.3382611972856884,24
2,1163,7_9_sharpness0.7_contrast1.1_equalization12.0.jpg,4.405357771230086,3.3382611972856884,24
3,1240,2_E_contrast1.0_sharpness0.68_equalization7.2.jpg,2.672226894336369,3.3382611972856884,24
4,1240,2_E_contrast1.0_sharpness0.68_equalization7.2.jpg,3.592546494612794,3.3382611972856884,24
5,1293,7_9_sharpness0.7_contrast1.1_equalization12.0.jpg,2.997394181797486,3.3382611972856884,24
6,1293,7_9_sharpness0.7_contrast1.1_equalization12.0.jpg,4.405357771230086,3.3382611972856884,24
7,1377,2_E_contrast1.0_sharpness0.68_equalization7.2.jpg,2.672226894336369,3.3382611972856884,24
8,1377,2_E_contrast1.0_sharpness0.68_equalization7.2.jpg,3.592546494612794,3.3382611972856884,24
