,Unnamed: 0,image_name,diopter,average_diopter,grid_number
0,679,36_I_sharpness0.71_brightness14.0_contrast1.1.jpg,2.867974171882607,4.4918485935684656,7
1,757,20_0_brightness16.0_sharpness0.9_contrast1.1.jpg,6.014232991827639,4.4918485935684656,7
2,978,6_9_brightness14.0_contrast1.2_sharpness0.85.jpg,4.59333861699515,4.4918485935684656,7
