,Unnamed: 0,image_name,diopter,average_diopter,grid_number
0,468,22_8_sharpness0.6_contrast0.85_equalization27.0.jpg,2.699811755139753,2.8934070288291984,14
1,482,3_S_sharpness0.34_contrast0.9_equalization30.0.jpg,2.96295254010077,2.8934070288291984,14
2,596,12_C_contrast0.86_sharpness0.58_equalization32.0.jpg,2.756212537935354,2.8934070288291984,14
3,840,43_0_sharpness0.52_contrast0.84_equalization28.0.jpg,3.456313277871014,2.8934070288291984,14
4,1069,34_8_sharpness0.33_contrast0.87_equalization28.0.jpg,2.591745033099102,2.8934070288291984,14
