,Unnamed: 0,image_name,diopter,average_diopter,grid_number
0,497,43_T_brightness20.0_contrast1.0_sharpness0.46.jpg,3.155707358125971,3.0303725300800277,22
1,621,19_T_sharpness0.38_brightness12.0_contrast0.98.jpg,3.125988599158716,3.0303725300800277,22
2,769,16_9_brightness13.0_contrast0.96_sharpness0.55.jpg,2.165142948141052,3.0303725300800277,22
3,839,32_1_contrast1.0_brightness15.0_sharpness0.38.jpg,3.254511409028185,3.0303725300800277,22
4,1119,41_1_sharpness0.42_brightness18.0_contrast1.0.jpg,3.450512335946214,3.0303725300800277,22
