,Unnamed: 0,image_name,diopter,average_diopter,grid_number
0,493,32_S_brightness23.0_sharpness0.36_contrast1.2.jpg,3.320452159601769,3.0116714543155974,5
1,745,40_C_contrast1.1_brightness20.0_sharpness0.58.jpg,2.532098736265091,3.0116714543155974,5
2,827,32_1_brightness21.0_contrast1.1_sharpness0.37.jpg,3.327065502938665,3.0116714543155974,5
3,1115,16_C_brightness24.0_sharpness0.61_contrast1.2.jpg,2.867069418456865,3.0116714543155974,5
