,Unnamed: 0,image_name,diopter,average_diopter,grid_number
0,571,22_0_sharpness0.56_brightness11.0_contrast0.9.jpg,3.015204483881569,2.4968921246275615,13
1,1252,46_P_brightness17.0_sharpness0.42_contrast0.82.jpg,1.978579765373554,2.4968921246275615,13
