,Unnamed: 0,image_name,diopter,average_diopter,grid_number
0,634,6_C_sharpness0.67_brightness27.0_contrast1.1.jpg,3.515953956388174,2.840819637367657,8
1,851,17_9_brightness28.0_sharpness0.82_contrast1.1.jpg,2.92914144193853,2.840819637367657,8
2,1156,12_7_brightness20.0_contrast1.1_sharpness1.0.jpg,2.077363513776267,2.840819637367657,8
