,Unnamed: 0,image_name,diopter,average_diopter,grid_number
0,453,21_P_sharpness0.8_gamma0.82_equalization29.0.jpg,3.333276143345365,3.420359381963974,7
1,515,26_I_gamma0.84_sharpness0.96_equalization32.0.jpg,2.462835260647376,3.420359381963974,7
2,752,10_1_sharpness0.67_gamma0.73_equalization27.0.jpg,4.464966741899181,3.420359381963974,7
3,1480,18_2_gamma0.87_sharpness0.79_equalization29.0.jpg,,3.420359381963974,7
4,1618,18_2_gamma0.87_sharpness0.79_equalization29.0.jpg,,3.420359381963974,7
5,1758,18_2_gamma0.87_sharpness0.79_equalization29.0.jpg,,3.420359381963974,7
6,1907,18_2_gamma0.87_sharpness0.79_equalization29.0.jpg,,3.420359381963974,7
