,Unnamed: 0,image_name,diopter,average_diopter,grid_number
0,456,44_0_brightness14.0_gamma0.61_contrast0.9.jpg,3.08742533632524,3.575987855097528,19
1,649,28_B_gamma0.69_brightness13.0_contrast0.86.jpg,2.830768536562665,3.575987855097528,19
2,1226,12_3_brightness14.0_gamma0.53_contrast0.86.jpg,3.255031389359633,3.575987855097528,19
3,1226,12_3_brightness14.0_gamma0.53_contrast0.86.jpg,4.513835239489,3.575987855097528,19
4,1363,12_3_brightness14.0_gamma0.53_contrast0.86.jpg,3.255031389359633,3.575987855097528,19
5,1363,12_3_brightness14.0_gamma0.53_contrast0.86.jpg,4.513835239489,3.575987855097528,19
