,Unnamed: 0,image_name,diopter,average_diopter,grid_number
0,521,24_8_gamma0.68_contrast1.0_equalization12.0.jpg,2.824417623903184,3.191793706372956,21
1,594,7_S_contrast0.96_gamma0.57_equalization5.8.jpg,2.791022145513002,3.191793706372956,21
2,749,35_T_contrast1.0_gamma0.55_equalization6.8.jpg,2.843037582364489,3.191793706372956,21
3,1211,42_0_contrast1.0_gamma0.5_equalization11.0.jpg,3.144224347424081,3.191793706372956,21
4,1211,42_0_contrast1.0_gamma0.5_equalization11.0.jpg,3.797814948990925,3.191793706372956,21
5,1349,42_0_contrast1.0_gamma0.5_equalization11.0.jpg,3.144224347424081,3.191793706372956,21
6,1349,42_0_contrast1.0_gamma0.5_equalization11.0.jpg,3.797814948990925,3.191793706372956,21
