,Unnamed: 0,image_name,diopter,average_diopter,grid_number
0,430,20_I_gamma1.0_sharpness0.71_contrast1.0.jpg,2.967450690187399,3.176298471976914,14
1,686,9_E_contrast1.0_sharpness0.97_gamma1.0.jpg,3.100181371526356,3.176298471976914,14
2,843,23_1_sharpness0.97_contrast0.99_gamma0.94.jpg,3.461263354216987,3.176298471976914,14
