,Unnamed: 0,image_name,diopter,average_diopter,grid_number
0,425,26_P_contrast0.82_gamma0.51_equalization13.0.jpg,4.056394611445817,3.3930404796873956,19
1,1144,13_1_gamma0.61_contrast0.91_equalization18.0.jpg,3.613617558998653,3.3930404796873956,19
2,1144,13_1_gamma0.61_contrast0.91_equalization18.0.jpg,2.840786334496928,3.3930404796873956,19
3,1268,13_1_gamma0.61_contrast0.91_equalization18.0.jpg,3.613617558998653,3.3930404796873956,19
4,1268,13_1_gamma0.61_contrast0.91_equalization18.0.jpg,2.840786334496928,3.3930404796873956,19
