,Unnamed: 0,image_name,diopter,average_diopter,grid_number
0,457,6_2_gamma0.76_contrast1.0_equalization5.5.jpg,2.446607723294203,3.0708604504666144,3
1,684,5_B_contrast0.94_gamma0.74_equalization8.1.jpg,3.271131639617748,3.0708604504666144,3
2,734,29_9_contrast0.99_gamma0.85_equalization5.7.jpg,3.145074840426708,3.0708604504666144,3
3,989,20_3_contrast0.96_gamma0.71_equalization11.0.jpg,3.420627598527799,3.0708604504666144,3
