,Unnamed: 0,image_name,diopter,average_diopter,grid_number
0,791,3_8_contrast0.81_brightness25.0_gamma0.88.jpg,3.688533902456012,3.2001052192619768,2
1,953,16_7_gamma0.81_brightness27.0_contrast0.8.jpg,2.210251475895928,3.2001052192619768,2
2,1061,32_B_gamma0.89_contrast0.83_brightness24.0.jpg,3.70153027943399,3.2001052192619768,2
