,Unnamed: 0,image_name,diopter,average_diopter,grid_number
0,579,45_E_sharpness0.64_contrast0.85_gamma0.9.jpg,3.093367756842616,3.3673278666265722,10
1,610,11_S_contrast0.82_gamma1.1_sharpness0.52.jpg,3.046675029875054,3.3673278666265722,10
2,1313,29_0_gamma0.91_contrast0.91_sharpness0.35.jpg,3.961940813162046,3.3673278666265722,10
