,Unnamed: 0,image_name,diopter,average_diopter,grid_number
0,458,14_1_gamma1.1_contrast0.87_brightness16.0.jpg,2.689777436897994,3.1909915482671694,10
1,507,35_3_brightness12.0_gamma0.99_contrast0.91.jpg,2.856921545771245,3.1909915482671694,10
2,613,30_C_contrast0.86_brightness18.0_gamma1.0.jpg,2.971676905316222,3.1909915482671694,10
3,789,32_B_brightness14.0_contrast0.92_gamma1.0.jpg,4.086713967246028,3.1909915482671694,10
4,850,13_2_gamma0.95_brightness19.0_contrast0.83.jpg,3.349867886104356,3.1909915482671694,10
