,Unnamed: 0,image_name,diopter,average_diopter,grid_number
0,483,4_7_gamma1.0_sharpness0.78_equalization13.0.jpg,3.032660340045743,3.0655385273245375,14
1,558,4_I_gamma0.98_sharpness0.66_equalization7.6.jpg,2.983852363950858,3.0655385273245375,14
2,604,43_7_gamma1.0_sharpness0.7_equalization5.0.jpg,2.689485487187465,3.0655385273245375,14
3,692,5_2_gamma1.0_sharpness0.75_equalization11.0.jpg,3.092043908547624,3.0655385273245375,14
4,799,41_P_sharpness0.73_gamma1.0_equalization13.0.jpg,3.348720356235569,3.0655385273245375,14
5,1120,42_8_sharpness0.7_gamma0.91_equalization12.0.jpg,3.246468707979966,3.0655385273245375,14
