,Unnamed: 0,image_name,diopter,average_diopter,grid_number
0,1107,25_3_gamma0.58_sharpness0.85_equalization15.0.jpg,2.935216484144949,3.2733702638990794,24
1,1309,9_I_sharpness0.77_gamma0.53_equalization15.0.jpg,3.61152404365321,3.2733702638990794,24
