,Unnamed: 0,image_name,diopter,average_diopter,grid_number
0,657,19_3_contrast1.1_gamma0.98_brightness12.0.jpg,2.881789942164059,3.249271600223769,13
1,826,5_1_contrast0.94_brightness15.0_gamma0.91.jpg,2.911165988000828,3.249271600223769,13
2,955,47_2_gamma1.0_contrast0.93_brightness18.0.jpg,2.081393924167863,3.249271600223769,13
3,1222,13_2_brightness11.0_gamma0.91_contrast0.96.jpg,3.26826370136013,3.249271600223769,13
4,1222,13_2_brightness11.0_gamma0.91_contrast0.96.jpg,4.167011972256688,3.249271600223769,13
5,1359,13_2_brightness11.0_gamma0.91_contrast0.96.jpg,3.26826370136013,3.249271600223769,13
6,1359,13_2_brightness11.0_gamma0.91_contrast0.96.jpg,4.167011972256688,3.249271600223769,13
