,Unnamed: 0,image_name,diopter,average_diopter,grid_number
0,411,38_2_contrast0.9_sharpness0.75_gamma1.1.jpg,2.993074091290642,4.059502780346807,11
1,756,19_9_gamma0.93_contrast0.84_sharpness0.86.jpg,4.270618680122085,4.059502780346807,11
2,944,3_3_sharpness0.95_gamma1.0_contrast0.81.jpg,4.914815569627695,4.059502780346807,11
