,Unnamed: 0,image_name,diopter,average_diopter,grid_number
0,647,22_E_sharpness0.76_gamma1.1_equalization27.0.jpg,3.049551268481376,3.082210090694908,16
1,666,4_T_gamma1.1_sharpness0.74_equalization25.0.jpg,2.428517223192453,3.082210090694908,16
2,994,42_C_gamma1.1_sharpness0.99_equalization25.0.jpg,3.768561780410895,3.082210090694908,16
