,Unnamed: 0,image_name,diopter,average_diopter,grid_number
0,467,7_2_sharpness0.55_gamma0.83_equalization28.0.jpg,2.743914775700601,2.820511542271615,4
1,575,15_B_sharpness0.54_gamma0.83_equalization27.0.jpg,3.225656546420648,2.820511542271615,4
2,601,29_2_sharpness0.65_gamma0.71_equalization31.0.jpg,2.90296139667501,2.820511542271615,4
3,966,2_T_sharpness0.64_gamma0.73_equalization23.0.jpg,2.491357644122587,2.820511542271615,4
4,1160,47_8_gamma0.85_sharpness0.6_equalization27.0.jpg,2.78820849277118,2.820511542271615,4
5,1160,47_8_gamma0.85_sharpness0.6_equalization27.0.jpg,2.811892494855858,2.820511542271615,4
6,1290,47_8_gamma0.85_sharpness0.6_equalization27.0.jpg,2.78820849277118,2.820511542271615,4
7,1290,47_8_gamma0.85_sharpness0.6_equalization27.0.jpg,2.811892494855858,2.820511542271615,4
