,Unnamed: 0,image_name,diopter,average_diopter,grid_number
0,618,1_8_brightness11.0_sharpness0.47_gamma0.85.jpg,3.098095414730741,3.0007800346803,4
1,1028,45_B_brightness19.0_gamma0.85_sharpness0.63.jpg,2.73019172830583,3.0007800346803,4
2,1239,45_9_brightness18.0_gamma0.79_sharpness0.54.jpg,2.937458392694114,3.0007800346803,4
3,1239,45_9_brightness18.0_gamma0.79_sharpness0.54.jpg,3.150738139828502,3.0007800346803,4
4,1376,45_9_brightness18.0_gamma0.79_sharpness0.54.jpg,2.937458392694114,3.0007800346803,4
5,1376,45_9_brightness18.0_gamma0.79_sharpness0.54.jpg,3.150738139828502,3.0007800346803,4
