,Unnamed: 0,image_name,diopter,average_diopter,grid_number
0,470,33_2_contrast0.96_gamma0.51_equalization16.0.jpg,2.796918216972103,2.827142752933685,22
1,1015,7_E_gamma0.52_contrast1.0_equalization19.0.jpg,2.857367288895267,2.827142752933685,22
2,1504,39_9_contrast1.0_gamma0.6_equalization21.0.jpg,,2.827142752933685,22
3,1642,39_9_contrast1.0_gamma0.6_equalization21.0.jpg,,2.827142752933685,22
4,1781,39_9_contrast1.0_gamma0.6_equalization21.0.jpg,,2.827142752933685,22
5,1931,39_9_contrast1.0_gamma0.6_equalization21.0.jpg,,2.827142752933685,22
