,Unnamed: 0,image_name,diopter,average_diopter,grid_number
0,576,19_9_sharpness0.36_gamma0.53_equalization22.0.jpg,3.045084041118943,2.651568850055805,21
1,675,41_T_gamma0.55_sharpness0.43_equalization21.0.jpg,2.463863301489109,2.651568850055805,21
2,717,10_T_sharpness0.51_gamma0.57_equalization22.0.jpg,2.445759207559363,2.651568850055805,21
