,Unnamed: 0,image_name,diopter,average_diopter,grid_number
0,427,37_S_contrast0.82_gamma1.0_brightness24.0.jpg,3.28832535510538,3.2281733705633084,11
1,971,13_3_gamma0.96_contrast0.86_brightness21.0.jpg,2.790559515057194,3.2281733705633084,11
2,1103,43_2_contrast0.91_brightness27.0_gamma1.0.jpg,3.605635241527352,3.2281733705633084,11
