,Unnamed: 0,image_name,diopter,average_diopter,grid_number
0,460,22_2_brightness17.0_gamma0.83_contrast1.1.jpg,2.683179484113934,3.0330702259136277,7
1,479,25_8_gamma0.86_brightness12.0_contrast1.1.jpg,3.382960967713321,3.0330702259136277,7
