,Unnamed: 0,image_name,diopter,average_diopter,grid_number
0,737,34_B_contrast0.94_gamma0.92_equalization17.0.jpg,2.788395170180109,2.8923524573391934,13
1,975,32_7_gamma1.1_contrast1.0_equalization18.0.jpg,2.996309744498278,2.8923524573391934,13
