,Unnamed: 0,image_name,diopter,average_diopter,grid_number
0,434,4_E_contrast1.0_brightness27.0_gamma1.1.jpg,2.693845060688057,2.6964837017521086,14
1,656,17_7_brightness30.0_contrast0.95_gamma0.93.jpg,2.699122342816161,2.6964837017521086,14
