,Unnamed: 0,image_name,diopter,average_diopter,grid_number
0,609,7_3_gamma0.54_contrast1.2_sharpness0.77.jpg,3.024121232828329,2.9586442942551923,26
1,695,13_3_contrast1.1_sharpness0.88_gamma0.62.jpg,3.01876417648139,2.9586442942551923,26
2,740,6_8_contrast1.1_sharpness0.88_gamma0.53.jpg,2.766892988796712,2.9586442942551923,26
3,743,23_P_contrast1.2_gamma0.64_sharpness0.76.jpg,3.024798778914337,2.9586442942551923,26
