,Unnamed: 0,image_name,diopter,average_diopter,grid_number
0,652,38_2_sharpness0.41_gamma0.66_equalization12.0.jpg,5.619254271755504,3.828767890166123,20
1,673,33_S_sharpness0.43_gamma0.56_equalization8.5.jpg,2.701882908557325,3.828767890166123,20
2,787,12_P_sharpness0.55_gamma0.69_equalization7.6.jpg,4.043005334516049,3.828767890166123,20
3,861,23_B_gamma0.65_sharpness0.48_equalization8.3.jpg,3.350680853861145,3.828767890166123,20
4,894,1_I_sharpness0.57_gamma0.65_equalization11.0.jpg,3.429016082140593,3.828767890166123,20
