,Unnamed: 0,image_name,diopter,average_diopter,grid_number
0,429,1_B_gamma0.87_sharpness0.67_equalization12.0.jpg,3.117338086822453,3.545834328827757,5
1,1147,4_Q_sharpness0.73_gamma0.88_equalization12.0.jpg,,3.545834328827757,5
2,1254,16_2_sharpness0.91_gamma0.82_equalization10.0.jpg,3.974330570833061,3.545834328827757,5
