,Unnamed: 0,image_name,diopter,average_diopter,grid_number
0,441,33_E_contrast0.89_gamma0.5_equalization30.0.jpg,2.929944609560251,3.534276635540773,20
1,501,10_B_gamma0.64_contrast0.93_equalization26.0.jpg,2.83015830438629,3.534276635540773,20
2,502,15_8_gamma0.66_contrast0.89_equalization31.0.jpg,3.130779793583714,3.534276635540773,20
3,557,1_S_gamma0.67_contrast0.86_equalization25.0.jpg,3.346715048055034,3.534276635540773,20
4,1204,1_0_gamma0.52_contrast0.92_equalization23.0.jpg,3.233100918940722,3.534276635540773,20
5,1204,1_0_gamma0.52_contrast0.92_equalization23.0.jpg,4.785206745429724,3.534276635540773,20
6,1342,1_0_gamma0.52_contrast0.92_equalization23.0.jpg,3.233100918940722,3.534276635540773,20
7,1342,1_0_gamma0.52_contrast0.92_equalization23.0.jpg,4.785206745429724,3.534276635540773,20
