,Unnamed: 0,image_name,diopter,average_diopter,grid_number
0,628,13_B_contrast1.0_gamma0.53_brightness18.0.jpg,3.230151309981413,3.3122820862161246,22
1,1208,15_2_gamma0.66_contrast1.0_brightness19.0.jpg,3.447125022522252,3.3122820862161246,22
2,1208,15_2_gamma0.66_contrast1.0_brightness19.0.jpg,3.218504538027353,3.3122820862161246,22
3,1346,15_2_gamma0.66_contrast1.0_brightness19.0.jpg,3.447125022522252,3.3122820862161246,22
4,1346,15_2_gamma0.66_contrast1.0_brightness19.0.jpg,3.218504538027353,3.3122820862161246,22
