,Unnamed: 0,image_name,diopter,average_diopter,grid_number
0,491,23_2_contrast0.86_gamma1.0_equalization5.8.jpg,3.372274381032795,3.191366590970862,9
1,548,2_0_gamma0.96_contrast0.82_equalization4.5.jpg,3.193727148553397,3.191366590970862,9
2,555,43_7_gamma1.0_contrast0.82_equalization8.7.jpg,3.008098243326394,3.191366590970862,9
