frame,フレーム数,diopter,Unnamed: 0,filename,param1,param1_value,param2,param2_value,param3,param3_value,status,image_name,times,figure,contrast,gamma,sharpness,brightness,equalization
600.0,814.0,2.0767040942989827,1,pictures\transformed\roomDark_figureBright\S.JPG,contrast,1.033159441096208,sharpness,0.7685219431507629,equalization,9.30035713318627,1,2_S_contrast1.033_sharpness0.769_equalization9.3.jpg,2,S,1.033,0.0,0.769,0.0,9.3
2400.0,2583.0,1.8226922762303408,7,pictures\transformed\roomDark_figureBright\3.JPG,contrast,1.11766174394439,sharpness,0.191661371956109,equalization,30.91935354795634,0,8_3_contrast1.118_sharpness0.192_equalization30.919.jpg,8,3,1.118,0.0,0.192,0.0,30.919
6300.0,6490.0,1.937666101352244,20,pictures\transformed\roomDark_figureBright\B.JPG,brightness,22.04279978648773,gamma,0.5678370192036871,sharpness,0.8114326381119087,1,21_B_brightness22.043_gamma0.568_sharpness0.811.jpg,21,B,0.0,0.568,0.811,22.043,0.0
9300.0,9476.0,2.0979917017764858,30,pictures\transformed\roomDark_figureBright\3.JPG,gamma,0.5206761267684495,sharpness,0.6124219687461818,equalization,7.465016791025503,2,31_3_gamma0.521_sharpness0.612_equalization7.465.jpg,31,3,0.0,0.521,0.612,0.0,7.465
11700.0,11854.0,1.7208722568136867,38,pictures\transformed\roomDark_figureBright\T.JPG,contrast,0.8564656376960166,sharpness,0.1439811919604688,equalization,7.867526102452901,2,39_T_contrast0.856_sharpness0.144_equalization7.868.jpg,39,T,0.856,0.0,0.144,0.0,7.868
12300.0,12457.0,1.5936223448287692,40,pictures\transformed\roomDark_figureBright\9.JPG,brightness,20.41350626458518,gamma,0.5556403718380598,sharpness,0.2116256935228453,2,41_9_brightness20.414_gamma0.556_sharpness0.212.jpg,41,9,0.0,0.556,0.212,20.414,0.0
12900.0,13044.0,1.8835442463529928,42,pictures\transformed\roomDark_figureBright\1.JPG,brightness,12.81529691789756,gamma,0.5067741321588737,sharpness,0.5604890053796846,0,43_1_brightness12.815_gamma0.507_sharpness0.56.jpg,43,1,0.0,0.507,0.56,12.815,0.0
