frame,フレーム数,diopter,Unnamed: 0,filename,param1,param1_value,param2,param2_value,param3,param3_value,status,image_name,times,figure,contrast,gamma,sharpness,brightness,equalization
600.0,797,3.0786648202058378,1.0,pictures\transformed\roomDark_figureBright\8.JPG,contrast,1.070227670130979,gamma,0.5239617716513044,equalization,8.476260547853197,0.0,2_8_contrast1.07_gamma0.524_equalization8.476.jpg,2.0,8,1.07,0.524,0.0,0.0,8.476
3300.0,3489,3.1952316127641707,10.0,pictures\transformed\roomDark_figureBright\0.JPG,brightness,9.13036897417557,contrast,0.9960309329473122,sharpness,0.1252012885346708,0.0,11_0_brightness9.13_contrast0.996_sharpness0.125.jpg,11.0,0,0.996,0.0,0.125,9.13,0.0
7200.0,4096,1.890409772576583,23.0,pictures\transformed\roomDark_figureBright\P.JPG,contrast,0.8745805076762077,gamma,1.06514851136867,equalization,27.32957666108421,1.0,24_P_contrast0.875_gamma1.065_equalization27.33.jpg,24.0,P,0.875,1.065,0.0,0.0,27.33
11100.0,7386,2.562179488107613,36.0,pictures\transformed\roomDark_figureBright\1.JPG,contrast,0.8252927907153425,gamma,0.8816737445023579,sharpness,0.1441491763731574,2.0,37_1_contrast0.825_gamma0.882_sharpness0.144.jpg,37.0,1,0.825,0.882,0.144,0.0,0.0
12000.0,11281,3.009245509058101,39.0,pictures\transformed\roomDark_figureBright\0.JPG,contrast,1.192516679732393,gamma,1.000309184830435,equalization,7.933438752124619,0.0,40_0_contrast1.193_gamma1.0_equalization7.933.jpg,40.0,0,1.193,1.0,0.0,0.0,7.933
12900.0,12190,2.981586440394514,42.0,pictures\transformed\roomDark_figureBright\I.JPG,gamma,0.5447025549948046,sharpness,0.8417137470485115,equalization,31.98217827671755,1.0,43_I_gamma0.545_sharpness0.842_equalization31.982.jpg,43.0,I,0.0,0.545,0.842,0.0,31.982
,13070,2.9182283399037443,,,,,,,,,,,,,,,,,
,14134,2.6359505921266053,,,,,,,,,,,,,,,,,
