,Unnamed: 0,image_name,diopter,average_diopter,grid_number
0,495,9_S_brightness29.401_contrast0.986_sharpness0.458.jpg,2.253399242139577,3.0122242878620615,14
1,677,37_9_brightness23.916_contrast1.007_sharpness0.587.jpg,3.305793309671602,3.0122242878620615,14
2,744,30_I_brightness27.946_contrast0.99_sharpness0.4.jpg,3.787296738944687,3.0122242878620615,14
3,879,21_C_brightness23.538_contrast1.042_sharpness0.573.jpg,2.70240786069238,3.0122242878620615,14
