,Unnamed: 0,image_name,diopter,average_diopter,grid_number
0,97,40_7_contrast0.819_sharpness0.196_equalization7.403.jpg,4.45398923291799,3.071385197922456,0
1,275,41_S_contrast0.911_sharpness0.185_equalization12.794.jpg,2.370144071140291,3.071385197922456,0
2,505,12_C_contrast0.875_sharpness0.011_equalization11.271.jpg,3.457986987317147,3.071385197922456,0
3,673,23_S_contrast0.846_sharpness0.251_equalization7.184.jpg,3.412144381235723,3.071385197922456,0
4,875,9_E_contrast0.881_sharpness0.079_equalization6.901.jpg,3.013174258109894,3.071385197922456,0
5,1043,39_T_contrast0.856_sharpness0.144_equalization7.868.jpg,1.720872256813687,3.071385197922456,0
