,Unnamed: 0,image_name,diopter,average_diopter,grid_number
0,265,1_C_brightness27.724_contrast1.108_sharpness0.597.jpg,2.631163410379506,3.051618435381995,23
1,515,33_P_brightness22.072_contrast1.081_sharpness0.628.jpg,4.908960569721926,3.051618435381995,23
2,686,20_S_brightness24.674_contrast1.161_sharpness0.627.jpg,4.053260373624114,3.051618435381995,23
3,755,45_8_brightness25.889_contrast1.182_sharpness0.518.jpg,2.04360220358618,3.051618435381995,23
4,887,16_2_brightness27.342_contrast1.084_sharpness0.591.jpg,2.664308007144983,3.051618435381995,23
5,1057,38_P_brightness27.607_contrast1.074_sharpness0.441.jpg,2.008416047835262,3.051618435381995,23
