,Unnamed: 0,image_name,diopter,average_diopter,grid_number
0,196,22_T_contrast0.934_sharpness0.399_equalization4.632.jpg,3.124415062433821,2.3926352345720936,12
1,613,25_7_contrast0.971_sharpness0.471_equalization9.322.jpg,2.069366718522272,2.3926352345720936,12
2,814,20_S_contrast1.0_sharpness0.549_equalization7.37.jpg,1.839814128131605,2.3926352345720936,12
3,961,6_P_contrast0.971_sharpness0.508_equalization5.842.jpg,2.536945029200677,2.3926352345720936,12
