,Unnamed: 0,image_name,diopter,average_diopter,grid_number
0,20,17_C_brightness29.318_contrast0.937_sharpness0.22.jpg,2.591648186177164,2.8476286459443467,11
1,211,38_E_brightness23.982_contrast1.064_sharpness0.156.jpg,3.44674321094004,2.8476286459443467,11
2,607,6_3_brightness27.488_contrast1.03_sharpness0.268.jpg,2.924460208342374,2.8476286459443467,11
3,820,11_P_brightness26.34_contrast1.032_sharpness0.246.jpg,1.765561225716001,2.8476286459443467,11
4,978,31_P_brightness29.164_contrast0.97_sharpness0.068.jpg,4.878989196046004,2.8476286459443467,11
5,1124,21_E_brightness21.511_contrast0.946_sharpness0.242.jpg,1.478369848444499,2.8476286459443467,11
