,Unnamed: 0,image_name,diopter,average_diopter,grid_number
0,142,36_2_contrast0.854_sharpness0.018_equalization20.788.jpg,4.178708323887272,3.202995965721385,1
1,310,29_9_contrast0.911_sharpness0.081_equalization13.608.jpg,2.016327024204852,3.202995965721385,1
2,911,1_8_contrast0.809_sharpness0.119_equalization17.188.jpg,3.413952549072031,3.202995965721385,1
