,Unnamed: 0,image_name,diopter,average_diopter,grid_number
0,342,33_I_brightness8.087_contrast1.023_sharpness0.075.jpg,2.453319458394158,2.9408722775039835,9
1,574,30_T_brightness1.668_contrast1.014_sharpness0.242.jpg,1.807981387305106,2.9408722775039835,9
2,782,7_9_brightness8.498_contrast0.984_sharpness0.074.jpg,4.306956651552499,2.9408722775039835,9
3,931,11_0_brightness9.13_contrast0.996_sharpness0.125.jpg,3.195231612764171,2.9408722775039835,9
