,Unnamed: 0,image_name,diopter,average_diopter,grid_number
0,50,15_2_brightness1.78_contrast1.131_sharpness0.995.jpg,2.446453283144896,2.552628404641481,24
1,247,33_3_brightness9.733_contrast1.104_sharpness0.845.jpg,3.173338342687136,2.552628404641481,24
2,459,5_I_brightness5.031_contrast1.111_sharpness0.907.jpg,2.155780451470263,2.552628404641481,24
3,731,25_9_brightness4.941_contrast1.188_sharpness0.826.jpg,2.085752447237942,2.552628404641481,24
4,840,10_3_brightness9.731_contrast1.104_sharpness0.82.jpg,2.901817498667169,2.552628404641481,24
