,Unnamed: 0,image_name,diopter,average_diopter,grid_number
0,337,15_0_brightness26.264_contrast0.845_sharpness0.003.jpg,2.264749604577146,1.9237116024460792,2
1,569,17_2_brightness22.812_contrast0.905_sharpness0.228.jpg,1.856164831718684,1.9237116024460792,2
2,801,39_0_brightness23.771_contrast0.862_sharpness0.1.jpg,1.705697809851971,1.9237116024460792,2
3,943,33_S_brightness25.118_contrast0.881_sharpness0.29.jpg,2.374855635444629,1.9237116024460792,2
4,1105,16_T_brightness21.878_contrast0.901_sharpness0.02.jpg,1.417090130637966,1.9237116024460792,2
