,Unnamed: 0,image_name,diopter,average_diopter,grid_number
0,19,16_P_brightness6.885_contrast1.008_sharpness0.383.jpg,2.386833647298383,2.9158821330631595,12
1,210,35_2_brightness2.401_contrast1.026_sharpness0.509.jpg,3.556261524961745,2.9158821330631595,12
2,606,3_C_brightness6.175_contrast0.992_sharpness0.606.jpg,2.226521774387248,2.9158821330631595,12
3,977,30_S_brightness9.291_contrast1.041_sharpness0.438.jpg,5.039913887440744,2.9158821330631595,12
4,1123,10_E_brightness2.137_contrast0.988_sharpness0.595.jpg,1.369879831227677,2.9158821330631595,12
