,Unnamed: 0,image_name,diopter,average_diopter,grid_number
0,115,15_T_brightness14.948_contrast0.912_sharpness0.633.jpg,3.448509367025521,3.0168361554986283,4
1,304,45_2_brightness19.753_contrast0.93_sharpness0.459.jpg,2.599991453942541,3.0168361554986283,4
2,691,4_P_brightness11.694_contrast0.901_sharpness0.52.jpg,4.958283670483302,3.0168361554986283,4
3,904,33_T_brightness12.186_contrast0.893_sharpness0.656.jpg,2.692362831206348,3.0168361554986283,4
4,1061,15_9_brightness16.181_contrast0.901_sharpness0.583.jpg,1.385033454835429,3.0168361554986283,4
