,Unnamed: 0,image_name,diopter,average_diopter,grid_number
0,24,38_3_brightness11.997_contrast1.051_sharpness0.198.jpg,3.099099470262498,2.5382935430694267,10
1,194,18_T_brightness16.65_contrast1.022_sharpness0.253.jpg,3.245728500771252,2.5382935430694267,10
2,824,38_0_brightness16.94_contrast1.015_sharpness0.307.jpg,1.968888918275913,2.5382935430694267,10
3,982,48_E_brightness12.137_contrast0.964_sharpness0.068.jpg,3.020358161565865,2.5382935430694267,10
4,1128,46_P_brightness13.513_contrast1.025_sharpness0.001.jpg,1.357392664471605,2.5382935430694267,10
