,Unnamed: 0,image_name,diopter,average_diopter,grid_number
0,500,41_C_contrast0.878_sharpness0.362_equalization16.205.jpg,3.541288902701124,3.0377811752423285,4
1,668,34_B_contrast0.856_sharpness0.374_equalization17.388.jpg,5.089803417984543,3.0377811752423285,4
2,864,8_0_contrast0.802_sharpness0.491_equalization18.977.jpg,2.169516231311342,3.0377811752423285,4
3,1037,15_B_contrast0.923_sharpness0.57_equalization18.376.jpg,1.350516148972306,3.0377811752423285,4
