,Unnamed: 0,image_name,diopter,average_diopter,grid_number
0,8,8_8_contrast1.127_sharpness0.432_equalization11.925.jpg,3.23911544267918,2.6028807389042363,21
1,197,23_C_contrast1.102_sharpness0.502_equalization8.898.jpg,3.376561096204469,2.6028807389042363,21
2,614,26_S_contrast1.152_sharpness0.568_equalization10.175.jpg,2.450376140162619,2.6028807389042363,21
3,815,23_2_contrast1.088_sharpness0.582_equalization5.708.jpg,2.033465871112507,2.6028807389042363,21
4,962,15_C_contrast1.176_sharpness0.554_equalization11.13.jpg,2.888561846394289,2.6028807389042363,21
5,1120,8_B_contrast1.164_sharpness0.481_equalization4.893.jpg,1.629204036872352,2.6028807389042363,21
