,Unnamed: 0,image_name,diopter,average_diopter,grid_number
0,51,21_9_brightness16.296_contrast0.805_sharpness0.156.jpg,4.48322524132576,3.3773745468742056,1
1,460,8_9_brightness19.407_contrast0.898_sharpness0.293.jpg,2.588431939484892,3.3773745468742056,1
2,611,19_C_brightness14.072_contrast0.932_sharpness0.167.jpg,2.112281893217389,3.3773745468742056,1
3,651,38_P_brightness17.421_contrast0.875_sharpness0.076.jpg,5.126238370803361,3.3773745468742056,1
4,841,17_C_brightness11.505_contrast0.811_sharpness0.304.jpg,2.576695289539624,3.3773745468742056,1
