,Unnamed: 0,image_name,diopter,average_diopter,grid_number
0,10,11_I_brightness10.009_contrast0.844_sharpness0.738.jpg,3.289252576425637,3.2465933616962146,7
1,199,35_8_brightness12.739_contrast0.909_sharpness0.734.jpg,3.544888319936713,3.2465933616962146,7
2,616,37_9_brightness17.842_contrast0.828_sharpness0.869.jpg,2.861239111029448,3.2465933616962146,7
3,817,34_I_brightness16.122_contrast0.828_sharpness0.713.jpg,3.732026308588191,3.2465933616962146,7
4,964,22_8_brightness12.101_contrast0.923_sharpness0.765.jpg,2.805560492501085,3.2465933616962146,7
