,Unnamed: 0,image_name,diopter,average_diopter,grid_number
0,483,4_3_contrast1.014_sharpness0.32_equalization24.599.jpg,3.128937341337994,3.0039682448058493,11
1,669,44_T_contrast0.963_sharpness0.123_equalization29.145.jpg,4.458532859137972,3.0039682448058493,11
2,1038,28_C_contrast1.02_sharpness0.242_equalization25.314.jpg,1.424434533941583,3.0039682448058493,11
