,Unnamed: 0,image_name,diopter,average_diopter,grid_number
0,176,4_I_contrast0.951_sharpness0.732_equalization29.439.jpg,3.738343198070452,2.8065326493029024,17
1,293,6_T_contrast1.007_sharpness0.67_equalization27.411.jpg,2.299269467506434,2.8065326493029024,17
2,398,36_E_contrast1.064_sharpness0.748_equalization22.715.jpg,4.211870895958646,2.8065326493029024,17
3,425,32_B_contrast1.037_sharpness0.785_equalization31.438.jpg,3.724690891459852,2.8065326493029024,17
4,604,44_9_contrast0.933_sharpness0.687_equalization26.449.jpg,2.608053415976221,2.8065326493029024,17
5,752,16_0_contrast1.055_sharpness0.674_equalization22.259.jpg,2.813482944359619,2.8065326493029024,17
6,807,19_3_contrast0.996_sharpness0.714_equalization23.511.jpg,1.783590824506941,2.8065326493029024,17
7,957,22_1_contrast1.035_sharpness0.71_equalization26.056.jpg,2.793775111641292,2.8065326493029024,17
8,1117,10_I_contrast1.009_sharpness0.764_equalization29.227.jpg,1.285717094246667,2.8065326493029024,17
