,Unnamed: 0,image_name,diopter,average_diopter,grid_number
0,119,40_1_brightness24.453_contrast1.129_sharpness0.13.jpg,3.659873864646023,2.8781902953964864,20
1,289,25_I_brightness26.975_contrast1.113_sharpness0.094.jpg,2.015896011432766,2.8781902953964864,20
2,360,17_P_brightness23.768_contrast1.172_sharpness0.217.jpg,1.966479889264092,2.8781902953964864,20
3,523,6_2_brightness20.886_contrast1.121_sharpness0.051.jpg,3.593737195073916,2.8781902953964864,20
4,696,31_7_brightness20.693_contrast1.083_sharpness0.29.jpg,3.970242862549141,2.8781902953964864,20
5,909,46_0_brightness24.733_contrast1.103_sharpness0.103.jpg,3.198007527591251,2.8781902953964864,20
6,1066,34_8_brightness24.521_contrast1.091_sharpness0.013.jpg,1.743094717218216,2.8781902953964864,20
