,Unnamed: 0,image_name,diopter,average_diopter,grid_number
0,70,42_1_brightness21.756_contrast1.199_sharpness0.768.jpg,2.106856014138947,3.421979700612378,26
1,244,27_0_brightness20.338_contrast1.096_sharpness0.762.jpg,3.54020463439651,3.421979700612378,26
2,481,41_2_brightness21.244_contrast1.151_sharpness0.816.jpg,2.61831927567997,3.421979700612378,26
3,648,21_1_brightness21.256_contrast1.198_sharpness0.697.jpg,4.834270955510993,3.421979700612378,26
4,861,44_3_brightness23.571_contrast1.112_sharpness0.919.jpg,4.010247623335473,3.421979700612378,26
