,Unnamed: 0,image_name,diopter,average_diopter,grid_number
0,492,36_3_contrast1.096_sharpness0.005_equalization6.682.jpg,2.560018387227476,3.027763991513697,18
1,659,29_B_contrast1.09_sharpness0.122_equalization9.871.jpg,4.709937758303552,3.027763991513697,18
2,850,5_7_contrast1.147_sharpness0.004_equalization9.553.jpg,3.274750284486314,3.027763991513697,18
3,1020,4_I_contrast1.114_sharpness0.064_equalization8.217.jpg,1.566349536037446,3.027763991513697,18
