,Unnamed: 0,image_name,diopter,average_diopter,grid_number
0,484,9_9_brightness18.906_contrast1.148_sharpness0.439.jpg,2.809280356658743,2.8995485722365966,22
1,670,46_0_brightness18.67_contrast1.16_sharpness0.513.jpg,4.491412078737597,2.8995485722365966,22
2,738,18_C_brightness19.543_contrast1.2_sharpness0.456.jpg,2.860120531671085,2.8995485722365966,22
3,867,19_B_brightness17.427_contrast1.137_sharpness0.622.jpg,2.553230111931135,2.8995485722365966,22
4,1029,12_I_brightness10.078_contrast1.185_sharpness0.412.jpg,1.783699782184422,2.8995485722365966,22
