,Unnamed: 0,image_name,diopter,average_diopter,grid_number
0,339,24_S_contrast0.85_sharpness0.878_equalization28.722.jpg,2.378962774251217,3.3272923601890105,8
1,571,23_2_contrast0.843_sharpness0.769_equalization30.484.jpg,2.003256799590603,3.3272923601890105,8
2,779,1_3_contrast0.907_sharpness0.691_equalization27.846.jpg,6.632165304629232,3.3272923601890105,8
3,919,34_9_contrast0.865_sharpness0.785_equalization22.053.jpg,3.926185934153856,3.3272923601890105,8
4,945,42_P_contrast0.805_sharpness0.925_equalization30.182.jpg,1.695890988320145,3.3272923601890105,8
