,Unnamed: 0,image_name,diopter,average_diopter,grid_number
0,285,3_7_brightness17.331_contrast1.028_sharpness0.847.jpg,3.190088997807618,2.9331729811900518,16
1,692,5_C_brightness19.754_contrast1.064_sharpness0.732.jpg,3.360398704254256,2.9331729811900518,16
2,905,39_S_brightness10.605_contrast0.942_sharpness0.917.jpg,3.560133642739213,2.9331729811900518,16
3,1062,24_2_brightness14.237_contrast0.973_sharpness0.906.jpg,1.622070579959119,2.9331729811900518,16
