,Unnamed: 0,image_name,diopter,average_diopter,grid_number
0,177,5_8_brightness7.076_contrast1.2_sharpness0.483.jpg,3.662987789422798,3.139801374369659,21
1,426,36_2_brightness8.931_contrast1.099_sharpness0.552.jpg,3.357661660713335,3.139801374369659,21
2,605,45_S_brightness2.135_contrast1.17_sharpness0.48.jpg,2.784153235781537,3.139801374369659,21
3,958,29_B_brightness0.268_contrast1.129_sharpness0.633.jpg,2.754402811560967,3.139801374369659,21
