,Unnamed: 0,image_name,diopter,average_diopter,grid_number
0,109,34_P_brightness16.467_contrast1.07_sharpness0.194.jpg,3.760484220511613,3.1452932293207385,19
1,282,29_C_brightness16.362_contrast1.098_sharpness0.129.jpg,2.334715218096735,3.1452932293207385,19
2,512,20_9_brightness10.715_contrast1.152_sharpness0.19.jpg,4.346122791601181,3.1452932293207385,19
3,683,10_I_brightness15.065_contrast1.098_sharpness0.06.jpg,5.427362142282073,3.1452932293207385,19
4,754,27_P_brightness16.562_contrast1.096_sharpness0.012.jpg,1.939444033273472,3.1452932293207385,19
5,884,5_3_brightness18.382_contrast1.112_sharpness0.155.jpg,2.608030491081281,3.1452932293207385,19
6,1054,23_0_brightness18.302_contrast1.157_sharpness0.229.jpg,1.600893708398813,3.1452932293207385,19
