,Unnamed: 0,image_name,diopter,average_diopter,grid_number
0,6,43_2_brightness29.825_contrast0.882_sharpness0.668.jpg,2.771183955821077,3.3402531594937312,8
1,91,15_S_brightness22.527_contrast0.828_sharpness0.785.jpg,6.597362046609274,3.3402531594937312,8
2,269,15_C_brightness22.164_contrast0.835_sharpness0.984.jpg,2.082373868320296,3.3402531594937312,8
3,519,43_2_brightness27.546_contrast0.906_sharpness0.691.jpg,4.585199902406897,3.3402531594937312,8
4,690,47_8_brightness23.266_contrast0.829_sharpness0.724.jpg,3.997624044860256,3.3402531594937312,8
5,747,12_2_brightness24.059_contrast0.91_sharpness0.832.jpg,2.652945756208755,3.3402531594937312,8
6,891,33_I_brightness28.708_contrast0.884_sharpness0.901.jpg,2.518192193672685,3.3402531594937312,8
7,1048,31_T_brightness24.184_contrast0.918_sharpness0.686.jpg,1.51714350805061,3.3402531594937312,8
