,Unnamed: 0,image_name,diopter,average_diopter,grid_number
0,71,43_P_brightness22.163_contrast1.037_sharpness0.75.jpg,2.313421730249086,2.8942377763657903,17
1,245,28_2_brightness22.96_contrast1.05_sharpness0.705.jpg,3.620762012594007,2.8942377763657903,17
2,482,45_2_brightness25.078_contrast1.018_sharpness0.964.jpg,1.974991735999836,2.8942377763657903,17
3,649,29_0_brightness20.169_contrast0.974_sharpness0.852.jpg,2.807103078085369,2.8942377763657903,17
4,730,17_2_brightness29.406_contrast1.026_sharpness0.741.jpg,3.04728929265476,2.8942377763657903,17
5,862,45_S_brightness20.766_contrast1.006_sharpness0.968.jpg,3.601858808611685,2.8942377763657903,17
