,Unnamed: 0,image_name,diopter,average_diopter,grid_number
0,588,19_0_contrast0.845_sharpness0.769_equalization11.495.jpg,2.895006796145394,2.813678404949723,6
1,795,6_9_contrast0.896_sharpness0.7_equalization8.321.jpg,3.966564915739126,2.813678404949723,6
2,951,40_1_contrast0.826_sharpness0.704_equalization8.553.jpg,3.000095522388172,2.813678404949723,6
3,1110,26_3_contrast0.863_sharpness0.785_equalization9.977.jpg,1.393046385526202,2.813678404949723,6
