,Unnamed: 0,image_name,diopter,average_diopter,grid_number
0,175,1_1_brightness22.378_contrast0.894_sharpness0.4.jpg,4.243980063616436,2.8804108472656638,5
1,397,32_I_brightness26.218_contrast0.911_sharpness0.551.jpg,4.906260834817372,2.8804108472656638,5
2,424,22_E_brightness27.362_contrast0.907_sharpness0.547.jpg,3.364382259917616,2.8804108472656638,5
3,603,42_B_brightness26.216_contrast0.898_sharpness0.474.jpg,2.246550315929916,2.8804108472656638,5
4,806,17_S_brightness23.111_contrast0.82_sharpness0.604.jpg,1.428206596157612,2.8804108472656638,5
5,956,18_C_brightness23.18_contrast0.834_sharpness0.343.jpg,2.694201627284648,2.8804108472656638,5
6,1116,5_S_brightness21.53_contrast0.831_sharpness0.639.jpg,1.279294233136047,2.8804108472656638,5
