,Unnamed: 0,image_name,diopter,average_diopter,grid_number
0,65,21_9_contrast1.136_sharpness0.626_equalization25.698.jpg,2.16779449989438,3.3790520000961908,23
1,239,1_P_contrast1.119_sharpness0.43_equalization28.245.jpg,3.828467148959081,3.3790520000961908,23
2,476,31_C_contrast1.14_sharpness0.607_equalization28.829.jpg,2.717362860299985,3.3790520000961908,23
3,645,1_1_contrast1.17_sharpness0.489_equalization23.213.jpg,6.148739123368343,3.3790520000961908,23
4,737,30_8_contrast1.078_sharpness0.65_equalization29.127.jpg,3.601772175811093,3.3790520000961908,23
5,1026,27_C_contrast1.183_sharpness0.6_equalization25.784.jpg,1.810176192244264,3.3790520000961908,23
