,Unnamed: 0,image_name,diopter,average_diopter,grid_number
0,72,45_0_contrast0.985_sharpness0.29_equalization17.853.jpg,2.553788346039274,3.3526369348593885,10
1,246,31_S_contrast1.011_sharpness0.066_equalization15.871.jpg,3.553389366277942,3.3526369348593885,10
2,458,4_8_contrast0.956_sharpness0.251_equalization19.935.jpg,2.109057739036362,3.3526369348593885,10
3,650,33_B_contrast1.058_sharpness0.313_equalization19.034.jpg,5.194312288083977,3.3526369348593885,10
