,Unnamed: 0,image_name,diopter,average_diopter,grid_number
0,338,21_7_brightness2.038_contrast1.044_sharpness0.978.jpg,2.166265374770625,2.5290192852631206,15
1,570,18_1_brightness6.695_contrast0.971_sharpness0.926.jpg,2.18749265874402,2.5290192852631206,15
2,802,42_E_brightness5.438_contrast1.051_sharpness0.856.jpg,3.003954183474349,2.5290192852631206,15
3,944,36_S_brightness0.793_contrast1.043_sharpness0.898.jpg,2.758364924063489,2.5290192852631206,15
