,Unnamed: 0,image_name,diopter,average_diopter,grid_number
0,93,17_S_contrast1.062_sharpness0.834_equalization6.029.jpg,3.974330241974,2.9639203573013884,15
1,893,40_T_contrast0.944_sharpness0.935_equalization4.099.jpg,2.840726735631182,2.9639203573013884,15
2,1039,2_S_contrast1.033_sharpness0.769_equalization9.3.jpg,2.076704094298983,2.9639203573013884,15
