,Unnamed: 0,image_name,diopter,average_diopter,grid_number
0,566,5_P_contrast1.094_sharpness0.43_equalization17.903.jpg,3.117275150023569,2.8109045430045763,22
1,798,31_9_contrast1.135_sharpness0.39_equalization15.357.jpg,3.740809177304977,2.8109045430045763,22
2,940,20_B_contrast1.141_sharpness0.504_equalization21.087.jpg,2.932140485415875,2.8109045430045763,22
3,1102,3_T_contrast1.103_sharpness0.566_equalization21.85.jpg,1.453393359273884,2.8109045430045763,22
