,Unnamed: 0,image_name,diopter,average_diopter,grid_number
0,107,26_S_contrast1.049_sharpness0.694_equalization16.135.jpg,3.728752321934298,2.964318306745049,16
1,271,18_T_contrast0.949_sharpness0.933_equalization13.329.jpg,2.075767786895125,2.964318306745049,16
2,280,24_S_contrast1.063_sharpness0.907_equalization18.571.jpg,2.571845684055539,2.964318306745049,16
3,510,15_9_contrast1.016_sharpness0.76_equalization19.46.jpg,4.467814035306851,2.964318306745049,16
4,681,7_P_contrast1.004_sharpness0.808_equalization20.574.jpg,3.243319801279797,2.964318306745049,16
5,1052,14_3_contrast1.048_sharpness0.831_equalization19.253.jpg,1.698410210998685,2.964318306745049,16
