,Unnamed: 0,image_name,diopter,average_diopter,grid_number
0,46,33_7_brightness9.205_contrast0.893_sharpness0.25.jpg,2.047837815979611,2.9576200879006036,0
1,223,9_9_brightness2.903_contrast0.839_sharpness0.039.jpg,3.20080534465514,2.9576200879006036,0
2,471,46_B_brightness1.887_contrast0.803_sharpness0.082.jpg,2.731419643882507,2.9576200879006036,0
3,729,46_I_brightness6.764_contrast0.868_sharpness0.064.jpg,3.850417547085157,2.9576200879006036,0
