,Unnamed: 0,image_name,diopter,average_diopter,grid_number
0,497,25_E_contrast1.167_sharpness0.89_equalization18.178.jpg,2.744970347134868,3.452219651802713,25
1,665,14_7_contrast1.095_sharpness0.957_equalization18.839.jpg,3.61325279372294,3.452219651802713,25
2,745,47_E_contrast1.157_sharpness0.81_equalization19.481.jpg,6.426334612746284,3.452219651802713,25
3,881,28_T_contrast1.182_sharpness0.792_equalization13.818.jpg,2.571001711671181,3.452219651802713,25
4,1035,7_I_contrast1.097_sharpness0.984_equalization21.21.jpg,1.905538793738293,3.452219651802713,25
