,Unnamed: 0,image_name,diopter,average_diopter,grid_number
0,141,35_8_contrast0.947_sharpness0.174_equalization6.224.jpg,4.014054278032882,2.873323369227944,9
1,309,26_9_contrast1.02_sharpness0.321_equalization6.919.jpg,1.942688274436229,2.873323369227944,9
2,379,24_I_contrast0.934_sharpness0.18_equalization10.174.jpg,2.663227555214721,2.873323369227944,9
