,Unnamed: 0,image_name,diopter,average_diopter,grid_number
0,21,22_0_brightness1.616_contrast0.845_sharpness0.798.jpg,2.436334662487035,2.830033273413798,6
1,212,44_B_brightness0.102_contrast0.803_sharpness0.907.jpg,3.406075201133204,2.830033273413798,6
2,608,8_I_brightness9.762_contrast0.85_sharpness0.699.jpg,2.536154662437724,2.830033273413798,6
3,821,15_8_brightness4.52_contrast0.818_sharpness0.763.jpg,2.484663856084714,2.830033273413798,6
4,979,33_T_brightness5.953_contrast0.853_sharpness0.906.jpg,4.851696990962935,2.830033273413798,6
5,1125,29_0_brightness7.77_contrast0.922_sharpness0.889.jpg,1.265274267377178,2.830033273413798,6
