,Unnamed: 0,image_name,diopter,average_diopter,grid_number
0,490,30_2_contrast0.904_sharpness0.569_equalization5.631.jpg,2.641781435776341,3.0618980310715846,3
1,658,20_9_contrast0.904_sharpness0.453_equalization4.706.jpg,5.310989042098048,3.0618980310715846,3
2,873,40_T_contrast0.807_sharpness0.539_equalization6.829.jpg,2.605841346376038,3.0618980310715846,3
3,1033,41_8_contrast0.907_sharpness0.634_equalization9.735.jpg,1.688980300035912,3.0618980310715846,3
