,Unnamed: 0,image_name,diopter,average_diopter,grid_number
0,122,15_9_contrast1.061_sharpness0.425_equalization28.402.jpg,3.568860960300736,3.0414249800452993,14
1,915,10_B_contrast1.017_sharpness0.549_equalization23.821.jpg,3.338332351494495,3.0414249800452993,14
2,1072,4_C_contrast1.059_sharpness0.488_equalization22.764.jpg,2.217081628340666,3.0414249800452993,14
