,Unnamed: 0,image_name,diopter,average_diopter,grid_number
0,567,14_C_brightness18.366_contrast0.972_sharpness0.493.jpg,2.128224233715281,2.3051540744379464,13
1,799,34_3_brightness12.993_contrast0.996_sharpness0.453.jpg,3.072938647977502,2.3051540744379464,13
2,941,29_8_brightness17.876_contrast0.934_sharpness0.653.jpg,2.721498276518324,2.3051540744379464,13
3,1103,8_7_brightness15.133_contrast1.019_sharpness0.478.jpg,1.297955139540678,2.3051540744379464,13
