,Unnamed: 0,image_name,diopter,average_diopter,grid_number
0,94,19_C_contrast1.081_sharpness0.084_equalization25.471.jpg,3.845013518689366,2.982178459697346,20
1,272,19_3_contrast1.159_sharpness0.182_equalization24.433.jpg,2.376250373377095,2.982178459697346,20
2,502,6_1_contrast1.18_sharpness0.257_equalization27.064.jpg,4.176003428651064,2.982178459697346,20
3,894,42_S_contrast1.171_sharpness0.258_equalization29.74.jpg,2.690932701538864,2.982178459697346,20
4,1040,8_3_contrast1.118_sharpness0.192_equalization30.919.jpg,1.822692276230341,2.982178459697346,20
