,Unnamed: 0,image_name,diopter,average_diopter,grid_number
0,155,30_B_brightness5.835_contrast1.093_sharpness0.021.jpg,4.061191810061908,2.650286131828156,18
1,329,13_T_brightness9.147_contrast1.118_sharpness0.219.jpg,2.200700351021809,2.650286131828156,18
2,560,9_I_brightness9.232_contrast1.112_sharpness0.244.jpg,1.968445259579541,2.650286131828156,18
3,790,32_E_brightness6.491_contrast1.124_sharpness0.2.jpg,2.370807106649366,2.650286131828156,18
