,Unnamed: 0,image_name,diopter,average_diopter,grid_number
0,126,28_E_contrast0.89_sharpness0.987_equalization14.87.jpg,3.522613271382569,2.9027713421970303,7
1,297,23_I_contrast0.813_sharpness0.827_equalization18.677.jpg,2.61492973053132,2.9027713421970303,7
2,367,15_I_contrast0.875_sharpness0.738_equalization19.394.jpg,2.854261982099962,2.9027713421970303,7
3,703,12_C_contrast0.897_sharpness0.856_equalization17.474.jpg,3.970849539673902,2.9027713421970303,7
4,1076,22_B_contrast0.894_sharpness0.905_equalization15.146.jpg,1.551202187297399,2.9027713421970303,7
