,Unnamed: 0,image_name,diopter,average_diopter,grid_number
0,64,16_T_contrast1.153_sharpness0.932_equalization10.649.jpg,2.521931341789437,3.2812518254119314,24
1,475,27_9_contrast1.145_sharpness0.784_equalization8.129.jpg,2.963988349619687,3.2812518254119314,24
2,664,42_2_contrast1.168_sharpness0.716_equalization10.866.jpg,4.183429821260545,3.2812518254119314,24
3,736,27_I_contrast1.152_sharpness0.802_equalization8.208.jpg,3.75145627569447,3.2812518254119314,24
4,856,22_B_contrast1.093_sharpness0.716_equalization6.702.jpg,4.169347764617791,3.2812518254119314,24
5,1025,24_B_contrast1.079_sharpness0.807_equalization4.03.jpg,2.097357399489656,3.2812518254119314,24
