,Unnamed: 0,image_name,diopter,average_diopter,grid_number
0,18,14_T_contrast1.083_gamma0.984_equalization27.983.jpg,2.45488048420071,2.8033773524258554,26
1,209,32_P_contrast1.191_gamma1.003_equalization29.32.jpg,3.552883233142791,2.8033773524258554,26
2,624,47_9_contrast1.2_gamma0.967_equalization30.868.jpg,3.212110954910229,2.8033773524258554,26
3,828,44_C_contrast1.199_gamma0.942_equalization24.062.jpg,2.511408209124892,2.8033773524258554,26
4,976,21_P_contrast1.109_gamma1.022_equalization28.845.jpg,3.434099519751328,2.8033773524258554,26
5,1122,4_B_contrast1.149_gamma0.985_equalization29.133.jpg,1.654881713425184,2.8033773524258554,26
