,Unnamed: 0,image_name,diopter,average_diopter,grid_number
0,587,16_E_contrast1.052_gamma0.581_equalization11.019.jpg,2.514512399140218,4.601807839813314,3
1,794,5_9_contrast1.048_gamma0.517_equalization12.703.jpg,7.691983361194516,4.601807839813314,3
2,950,36_3_contrast1.016_gamma0.567_equalization11.326.jpg,3.598927759105206,4.601807839813314,3
