,Unnamed: 0,image_name,diopter,average_diopter,grid_number
0,143,38_T_contrast1.04_gamma0.568_sharpness0.13.jpg,4.023205241110976,3.252640631424197,3
1,311,35_S_contrast1.027_gamma0.656_sharpness0.094.jpg,1.908243745458834,3.252640631424197,3
2,381,27_I_contrast1.016_gamma0.619_sharpness0.111.jpg,3.471660050275739,3.252640631424197,3
3,912,4_8_contrast0.933_gamma0.678_sharpness0.22.jpg,3.607453488851239,3.252640631424197,3
