,Unnamed: 0,image_name,diopter,average_diopter,grid_number
0,501,42_C_brightness7.373_contrast0.88_gamma0.939.jpg,3.924649817085129,3.3119773007309607,18
1,865,17_0_brightness7.174_contrast0.849_gamma1.067.jpg,2.699304784376793,3.3119773007309607,18
