,Unnamed: 0,image_name,diopter,average_diopter,grid_number
0,121,10_P_brightness4.042_gamma0.767_sharpness0.661.jpg,3.546338667076211,3.006482976590191,15
1,125,26_E_brightness5.304_gamma0.752_sharpness0.742.jpg,3.639049456713273,3.006482976590191,15
2,296,17_8_brightness9.195_gamma0.714_sharpness0.744.jpg,2.034337364214401,3.006482976590191,15
3,366,13_7_brightness8.964_gamma0.716_sharpness0.704.jpg,2.931300450304465,3.006482976590191,15
4,702,6_P_brightness1.054_gamma0.756_sharpness0.681.jpg,4.2359359134598,3.006482976590191,15
5,918,31_E_brightness2.582_gamma0.751_sharpness0.818.jpg,3.299506705201428,3.006482976590191,15
6,1075,21_9_brightness5.878_gamma0.793_sharpness0.945.jpg,1.358912279161759,3.006482976590191,15
