,Unnamed: 0,image_name,diopter,average_diopter,grid_number
0,111,36_8_gamma0.98_sharpness0.84_equalization19.307.jpg,4.098104415163763,2.9955702222253797,25
1,267,8_T_gamma0.989_sharpness0.683_equalization13.055.jpg,2.206627160188094,2.9955702222253797,25
2,284,46_0_gamma1.043_sharpness0.825_equalization14.169.jpg,2.266458707001032,2.9955702222253797,25
3,685,13_B_gamma1.021_sharpness0.76_equalization15.701.jpg,4.736278034213969,2.9955702222253797,25
4,886,15_S_gamma0.911_sharpness0.751_equalization19.627.jpg,2.873712925525905,2.9955702222253797,25
5,1056,28_0_gamma1.058_sharpness0.813_equalization15.413.jpg,1.792240091259515,2.9955702222253797,25
