,Unnamed: 0,image_name,diopter,average_diopter,grid_number
0,11,14_C_brightness8.838_gamma0.722_sharpness0.06.jpg,2.856454964948594,3.077090795058981,9
1,200,39_C_brightness6.91_gamma0.763_sharpness0.074.jpg,3.625138835105524,3.077090795058981,9
2,965,28_E_brightness8.098_gamma0.762_sharpness0.165.jpg,2.749678585122826,3.077090795058981,9
