,Unnamed: 0,image_name,diopter,average_diopter,grid_number
0,95,22_P_brightness25.242_gamma0.659_sharpness0.909.jpg,3.86851539226956,3.557534327066453,8
1,273,22_C_brightness20.084_gamma0.626_sharpness0.732.jpg,2.190991771025363,3.557534327066453,8
2,503,7_P_brightness25.018_gamma0.678_sharpness0.851.jpg,4.68718401708036,3.557534327066453,8
3,671,6_B_brightness20.88_gamma0.672_sharpness0.781.jpg,5.304188250671273,3.557534327066453,8
4,859,35_P_brightness22.653_gamma0.52_sharpness0.665.jpg,4.260415729404552,3.557534327066453,8
5,895,45_2_brightness22.37_gamma0.546_sharpness0.771.jpg,2.653779027661818,3.557534327066453,8
6,1041,21_B_brightness22.043_gamma0.568_sharpness0.811.jpg,1.937666101352244,3.557534327066453,8
