,Unnamed: 0,image_name,diopter,average_diopter,grid_number
0,17,13_C_brightness14.059_gamma0.664_sharpness0.761.jpg,2.577828404416091,2.7574972052169393,7
1,208,25_9_brightness14.112_gamma0.619_sharpness0.755.jpg,3.611298310856726,2.7574972052169393,7
2,623,46_C_brightness18.525_gamma0.631_sharpness0.946.jpg,3.128669174980965,2.7574972052169393,7
3,975,8_T_brightness17.052_gamma0.58_sharpness0.97.jpg,2.77935191471982,2.7574972052169393,7
4,1132,29_P_brightness17.065_gamma0.587_sharpness0.69.jpg,1.690338221111094,2.7574972052169393,7
