,Unnamed: 0,image_name,diopter,average_diopter,grid_number
0,591,32_0_contrast1.125_gamma0.539_sharpness0.103.jpg,2.945073702853001,2.7782839297809057,6
1,796,12_B_contrast1.084_gamma0.578_sharpness0.106.jpg,3.960274224562963,2.7782839297809057,6
2,938,11_B_contrast1.119_gamma0.541_sharpness0.322.jpg,2.57186080901295,2.7782839297809057,6
3,1113,42_7_contrast1.146_gamma0.677_sharpness0.034.jpg,1.635926982694709,2.7782839297809057,6
