,Unnamed: 0,image_name,diopter,average_diopter,grid_number
0,123,16_S_contrast0.858_gamma0.517_equalization20.859.jpg,3.644743910438239,3.2566214845092176,1
1,364,3_7_contrast0.911_gamma0.612_equalization16.526.jpg,2.307322783636114,3.2566214845092176,1
2,701,2_P_contrast0.823_gamma0.531_equalization16.684.jpg,5.036150667245786,3.2566214845092176,1
3,916,16_B_contrast0.913_gamma0.55_equalization19.85.jpg,3.058572391545088,3.2566214845092176,1
4,1073,5_9_contrast0.845_gamma0.564_equalization21.886.jpg,2.236317669680861,3.2566214845092176,1
