,Unnamed: 0,image_name,diopter,average_diopter,grid_number
0,144,42_2_contrast1.132_gamma0.845_sharpness0.276.jpg,4.180128207909294,3.2751152714999123,15
1,312,42_P_contrast1.13_gamma0.745_sharpness0.199.jpg,2.572361293236108,3.2751152714999123,15
2,382,38_3_contrast1.119_gamma0.86_sharpness0.32.jpg,3.084136261019684,3.2751152714999123,15
3,913,6_E_contrast1.079_gamma0.716_sharpness0.303.jpg,3.391144542840141,3.2751152714999123,15
4,1070,1_P_contrast1.127_gamma0.791_sharpness0.055.jpg,3.147806052494332,3.2751152714999123,15
