,Unnamed: 0,image_name,diopter,average_diopter,grid_number
0,102,38_E_gamma1.017_sharpness0.793_equalization10.152.jpg,3.886122962104897,3.4294103362435138,24
1,517,40_P_gamma0.928_sharpness0.814_equalization4.055.jpg,3.288081914945234,3.4294103362435138,24
2,688,28_B_gamma0.913_sharpness0.705_equalization7.598.jpg,5.0957079009763,3.4294103362435138,24
3,889,22_S_gamma0.93_sharpness0.727_equalization6.731.jpg,2.529980108626656,3.4294103362435138,24
4,1046,2_9_gamma0.962_sharpness0.671_equalization12.123.jpg,2.347158794564483,3.4294103362435138,24
