,Unnamed: 0,image_name,diopter,average_diopter,grid_number
0,67,27_9_brightness21.272_gamma0.503_sharpness0.379.jpg,2.233438947484938,2.9566204685936675,5
1,241,9_8_brightness22.757_gamma0.536_sharpness0.537.jpg,3.83526772386293,2.9566204685936675,5
2,478,35_C_brightness26.014_gamma0.572_sharpness0.442.jpg,3.896402934660847,2.9566204685936675,5
3,1027,37_B_brightness25.048_gamma0.679_sharpness0.508.jpg,1.861372268365954,2.9566204685936675,5
