,Unnamed: 0,image_name,diopter,average_diopter,grid_number
0,118,37_B_contrast0.825_gamma0.511_equalization24.58.jpg,3.839545980252512,2.9371770235489105,2
1,288,19_C_contrast0.909_gamma0.587_equalization28.279.jpg,2.378679669243903,2.9371770235489105,2
2,294,13_2_contrast0.839_gamma0.533_equalization22.146.jpg,2.650413946474488,2.9371770235489105,2
3,522,2_I_contrast0.902_gamma0.579_equalization24.082.jpg,2.5517722057679,2.9371770235489105,2
4,695,22_T_contrast0.903_gamma0.513_equalization24.023.jpg,4.611496338994406,2.9371770235489105,2
5,757,34_P_contrast0.801_gamma0.657_equalization28.534.jpg,2.394204875531476,2.9371770235489105,2
6,908,45_0_contrast0.84_gamma0.596_equalization31.309.jpg,3.455584353137125,2.9371770235489105,2
7,1065,28_S_contrast0.907_gamma0.607_equalization22.925.jpg,1.615718818989474,2.9371770235489105,2
