,Unnamed: 0,image_name,diopter,average_diopter,grid_number
0,104,11_3_brightness18.063_contrast1.183_gamma0.704.jpg,3.443230439198026,3.4644568247099317,16
1,277,6_T_brightness16.253_contrast1.159_gamma0.872.jpg,2.291690168597949,3.4644568247099317,16
2,527,38_0_brightness16.265_contrast1.146_gamma0.81.jpg,3.294943845822137,3.4644568247099317,16
3,655,7_P_brightness11.693_contrast1.067_gamma0.701.jpg,4.560363697681302,3.4644568247099317,16
4,700,39_T_brightness19.569_contrast1.073_gamma0.737.jpg,5.151853656522727,3.4644568247099317,16
5,750,4_E_brightness17.923_contrast1.077_gamma0.71.jpg,2.839032712867156,3.4644568247099317,16
6,898,23_2_brightness10.086_contrast1.089_gamma0.815.jpg,3.854590904524153,3.4644568247099317,16
7,1049,2_T_brightness18.209_contrast1.111_gamma0.771.jpg,2.279949172466003,3.4644568247099317,16
