,Unnamed: 0,image_name,diopter,average_diopter,grid_number
0,112,4_P_brightness1.166_gamma0.541_sharpness0.237.jpg,5.140817845532057,3.2967723632903536,0
1,301,27_2_brightness2.008_gamma0.544_sharpness0.278.jpg,1.909145986386298,3.2967723632903536,0
2,371,31_S_brightness5.251_gamma0.555_sharpness0.309.jpg,2.105939446981392,3.2967723632903536,0
3,707,27_8_brightness1.847_gamma0.67_sharpness0.09.jpg,5.449650404856984,3.2967723632903536,0
4,901,13_E_brightness2.737_gamma0.614_sharpness0.177.jpg,3.246810120144368,3.2967723632903536,0
5,1059,5_E_brightness9.434_gamma0.657_sharpness0.017.jpg,1.928270375841024,3.2967723632903536,0
