,Unnamed: 0,image_name,diopter,average_diopter,grid_number
0,124,22_0_contrast1.062_gamma0.567_sharpness0.936.jpg,3.367761729393922,2.48371795981469,5
1,295,14_7_contrast0.982_gamma0.668_sharpness0.795.jpg,2.376073340943761,2.48371795981469,5
2,1074,18_0_contrast1.027_gamma0.654_sharpness0.886.jpg,1.707318809106386,2.48371795981469,5
