,Unnamed: 0,image_name,diopter,average_diopter,grid_number
0,586,14_7_gamma0.867_sharpness0.083_equalization26.472.jpg,2.774059895067906,2.7125487491430986,11
1,793,3_C_gamma0.812_sharpness0.271_equalization25.334.jpg,3.553664934507809,2.7125487491430986,11
2,949,20_T_gamma0.889_sharpness0.22_equalization24.714.jpg,3.089539157905332,2.7125487491430986,11
3,1108,12_9_gamma0.721_sharpness0.235_equalization26.054.jpg,1.432931009091349,2.7125487491430986,11
