,Unnamed: 0,image_name,diopter,average_diopter,grid_number
0,486,16_P_contrast0.99_gamma1.055_sharpness0.708.jpg,2.830810395285129,3.544389224736703,23
1,654,6_T_contrast1.036_gamma0.962_sharpness0.682.jpg,5.269864067496569,3.544389224736703,23
2,869,28_T_contrast0.946_gamma1.061_sharpness0.781.jpg,2.53249321142841,3.544389224736703,23
