,Unnamed: 0,image_name,diopter,average_diopter,grid_number
0,129,39_3_contrast1.179_gamma0.621_equalization28.716.jpg,4.283869949200652,3.395364738104112,8
1,300,26_T_contrast1.165_gamma0.526_equalization24.131.jpg,2.291628514007091,3.395364738104112,8
2,370,28_B_contrast1.117_gamma0.661_equalization24.255.jpg,4.632810550967213,3.395364738104112,8
3,489,28_1_contrast1.126_gamma0.502_equalization22.396.jpg,2.935915189605959,3.395364738104112,8
4,706,25_7_contrast1.122_gamma0.543_equalization30.591.jpg,4.161167400455461,3.395364738104112,8
5,1079,46_C_contrast1.119_gamma0.507_equalization30.533.jpg,2.066796824388299,3.395364738104112,8
