,Unnamed: 0,image_name,diopter,average_diopter,grid_number
0,58,47_C_contrast1.152_gamma0.912_sharpness0.677.jpg,2.912395126858337,3.7781079467185728,26
1,237,36_T_contrast1.198_gamma0.914_sharpness0.913.jpg,3.319766400851373,3.7781079467185728,26
2,467,34_3_contrast1.086_gamma1.024_sharpness0.974.jpg,3.107580543263153,3.7781079467185728,26
3,644,42_I_contrast1.096_gamma1.08_sharpness0.925.jpg,6.097640401972586,3.7781079467185728,26
4,848,46_S_contrast1.105_gamma0.956_sharpness0.781.jpg,3.453157260647411,3.7781079467185728,26
