,Unnamed: 0,image_name,diopter,average_diopter,grid_number
0,0,10_7_brightness14.725_gamma0.974_sharpness0.199.jpg,2.380451867472664,2.5520080265211322,19
1,186,15_S_brightness18.926_gamma1.018_sharpness0.085.jpg,3.517931273196474,2.5520080265211322,19
2,418,5_E_brightness17.279_gamma0.952_sharpness0.205.jpg,3.429805450910067,2.5520080265211322,19
3,597,19_P_brightness19.868_gamma0.985_sharpness0.115.jpg,2.083098752953745,2.5520080265211322,19
4,970,35_E_brightness17.688_gamma0.908_sharpness0.131.jpg,1.348752788072712,2.5520080265211322,19
