,Unnamed: 0,image_name,diopter,average_diopter,grid_number
0,138,31_9_gamma0.663_sharpness0.944_equalization16.235.jpg,3.904135268699779,2.8970656109363038,7
1,306,22_I_gamma0.691_sharpness0.863_equalization16.571.jpg,2.242599711687138,2.8970656109363038,7
2,376,13_S_gamma0.545_sharpness0.804_equalization18.332.jpg,2.177122426350249,2.8970656109363038,7
3,549,30_3_gamma0.603_sharpness0.746_equalization15.916.jpg,3.264405037008049,2.8970656109363038,7
