,Unnamed: 0,image_name,diopter,average_diopter,grid_number
0,100,44_I_brightness18.723_gamma0.545_sharpness0.542.jpg,4.225915678187074,3.0150129080344827,4
1,508,41_C_brightness10.832_gamma0.61_sharpness0.517.jpg,2.793504703924317,3.0150129080344827,4
2,676,36_B_brightness13.232_gamma0.612_sharpness0.419.jpg,3.80371737104317,3.0150129080344827,4
3,878,16_T_brightness14.108_gamma0.677_sharpness0.634.jpg,2.368382540664857,3.0150129080344827,4
4,1045,43_1_brightness12.815_gamma0.507_sharpness0.56.jpg,1.883544246352993,3.0150129080344827,4
