,Unnamed: 0,image_name,diopter,average_diopter,grid_number
0,281,27_1_brightness14.348_contrast1.032_gamma0.974.jpg,2.264233026019095,2.978963934219705,22
1,511,17_3_brightness18.584_contrast0.972_gamma0.976.jpg,3.949038705984269,2.978963934219705,22
2,682,9_C_brightness15.806_contrast1.006_gamma0.949.jpg,4.199379656913413,2.978963934219705,22
3,753,20_3_brightness14.475_contrast0.977_gamma1.069.jpg,2.434508821082269,2.978963934219705,22
4,883,1_9_brightness16.304_contrast1.01_gamma0.992.jpg,3.272328867155485,2.978963934219705,22
5,1053,21_S_brightness17.483_contrast0.953_gamma0.974.jpg,1.754294528163698,2.978963934219705,22
