,Unnamed: 0,image_name,diopter,average_diopter,grid_number
0,110,35_B_contrast1.0_gamma0.702_sharpness0.205.jpg,3.953409930850169,3.1462970682311826,12
1,283,32_9_contrast1.017_gamma0.861_sharpness0.308.jpg,1.8961187684543,3.1462970682311826,12
2,513,22_E_contrast0.955_gamma0.847_sharpness0.236.jpg,4.095704755321997,3.1462970682311826,12
3,684,11_2_contrast0.943_gamma0.896_sharpness0.229.jpg,4.735655512651562,3.1462970682311826,12
4,885,11_3_contrast0.968_gamma0.713_sharpness0.316.jpg,2.573428075683383,3.1462970682311826,12
5,1055,27_0_contrast1.025_gamma0.711_sharpness0.118.jpg,1.623465366425683,3.1462970682311826,12
