,Unnamed: 0,image_name,diopter,average_diopter,grid_number
0,16,2_E_gamma0.678_sharpness0.275_equalization17.133.jpg,2.915822604051993,2.619039190078953,1
1,622,45_8_gamma0.559_sharpness0.113_equalization14.237.jpg,2.97537244962755,2.619039190078953,1
2,827,38_2_gamma0.676_sharpness0.232_equalization14.129.jpg,2.517903057113933,2.619039190078953,1
3,974,7_S_gamma0.591_sharpness0.163_equalization16.644.jpg,2.723772379653987,2.619039190078953,1
4,1131,27_1_gamma0.502_sharpness0.14_equalization16.225.jpg,1.962325459947301,2.619039190078953,1
