,Unnamed: 0,image_name,diopter,average_diopter,grid_number
0,114,14_1_contrast1.029_gamma0.832_equalization20.173.jpg,3.692334843994461,3.0758900970366234,13
1,303,32_E_contrast0.939_gamma0.761_equalization20.384.jpg,2.111279517882809,3.0758900970366234,13
2,373,40_3_contrast0.96_gamma0.733_equalization17.707.jpg,2.807045009763806,3.0758900970366234,13
3,709,36_3_contrast1.018_gamma0.895_equalization13.417.jpg,4.630410701517321,3.0758900970366234,13
4,903,29_8_contrast0.945_gamma0.874_equalization19.145.jpg,3.26245484001995,3.0758900970366234,13
5,1060,14_P_contrast1.031_gamma0.807_equalization17.594.jpg,1.951815669041396,3.0758900970366234,13
