,Unnamed: 0,image_name,diopter,average_diopter,grid_number
0,47,38_S_gamma0.614_sharpness0.687_equalization11.037.jpg,2.519549611678168,3.171235525790498,6
1,224,15_3_gamma0.569_sharpness0.817_equalization10.649.jpg,3.476522904419777,3.171235525790498,6
2,446,6_2_gamma0.617_sharpness0.975_equalization12.17.jpg,3.724930801656407,3.171235525790498,6
3,994,3_8_gamma0.678_sharpness0.781_equalization5.513.jpg,2.96393878540764,3.171235525790498,6
