,Unnamed: 0,image_name,diopter,average_diopter,grid_number
0,48,41_S_contrast0.816_gamma0.701_equalization9.053.jpg,2.054739133246568,3.2842501068350725,9
1,225,19_P_contrast0.909_gamma0.825_equalization4.83.jpg,3.198551267448815,3.2842501068350725,9
2,447,15_3_contrast0.924_gamma0.834_equalization9.289.jpg,3.921130237482991,3.2842501068350725,9
3,995,11_7_contrast0.91_gamma0.774_equalization10.242.jpg,3.962579789161917,3.2842501068350725,9
