,Unnamed: 0,image_name,diopter,average_diopter,grid_number
0,54,31_2_gamma1.014_sharpness0.362_equalization25.881.jpg,2.570615236446776,2.967737172686856,23
1,233,11_P_gamma0.907_sharpness0.643_equalization26.137.jpg,3.515258993213831,2.967737172686856,23
2,463,23_1_gamma0.917_sharpness0.432_equalization28.24.jpg,2.800064580823033,2.967737172686856,23
3,724,5_0_gamma1.072_sharpness0.587_equalization26.419.jpg,3.329118877929649,2.967737172686856,23
4,734,19_C_gamma0.9_sharpness0.627_equalization22.326.jpg,2.791269319594615,2.967737172686856,23
5,844,32_0_gamma1.08_sharpness0.497_equalization23.489.jpg,2.80009602811323,2.967737172686856,23
