,Unnamed: 0,image_name,diopter,average_diopter,grid_number
0,324,3_E_gamma0.61_sharpness0.851_equalization23.342.jpg,2.267353608148914,2.5777075699779894,8
1,578,41_8_gamma0.607_sharpness0.671_equalization22.841.jpg,3.97436862043233,2.5777075699779894,8
2,785,22_I_gamma0.582_sharpness0.813_equalization22.682.jpg,2.361406143764879,2.5777075699779894,8
3,935,43_I_gamma0.545_sharpness0.842_equalization31.982.jpg,2.981586440394514,2.5777075699779894,8
4,1099,21_C_gamma0.638_sharpness0.797_equalization23.28.jpg,1.30382303714931,2.5777075699779894,8
