,Unnamed: 0,image_name,diopter,average_diopter,grid_number
0,22,23_S_gamma1.066_sharpness0.206_equalization25.872.jpg,2.522487668805033,3.0019996137461127,20
1,192,7_2_gamma1.074_sharpness0.049_equalization26.019.jpg,3.206355239046936,3.0019996137461127,20
2,609,12_I_gamma0.932_sharpness0.136_equalization24.456.jpg,2.154070183804111,3.0019996137461127,20
3,822,32_2_gamma0.984_sharpness0.115_equalization28.553.jpg,3.342566963097444,3.0019996137461127,20
4,980,35_0_gamma1.067_sharpness0.013_equalization25.623.jpg,5.032004628384652,3.0019996137461127,20
5,1126,36_P_gamma0.985_sharpness0.035_equalization26.083.jpg,1.754512999338498,3.0019996137461127,20
