,Unnamed: 0,image_name,diopter,average_diopter,grid_number
0,487,20_I_brightness15.16_contrast1.012_gamma0.803.jpg,3.123143946851465,2.407477738139909,13
1,740,33_E_brightness13.356_contrast0.939_gamma0.763.jpg,3.100556420703428,2.407477738139909,13
2,870,34_1_brightness14.321_contrast1.049_gamma0.786.jpg,2.111188456134304,2.407477738139909,13
3,1031,19_E_brightness18.273_contrast1.027_gamma0.749.jpg,1.295022128870438,2.407477738139909,13
