,Unnamed: 0,image_name,diopter,average_diopter,grid_number
0,5,40_8_brightness26.566_contrast0.835_gamma0.848.jpg,2.870923984383277,2.8164838371503467,11
1,191,46_E_brightness24.946_contrast0.834_gamma0.776.jpg,3.61517616759013,2.8164838371503467,11
2,396,24_1_brightness22.474_contrast0.851_gamma0.756.jpg,3.989522107042523,2.8164838371503467,11
3,423,18_2_brightness24.265_contrast0.802_gamma0.773.jpg,3.38915207331293,2.8164838371503467,11
4,602,40_7_brightness27.663_contrast0.904_gamma0.742.jpg,2.564613553112646,2.8164838371503467,11
5,805,16_S_brightness24.897_contrast0.886_gamma0.883.jpg,1.730895950800802,2.8164838371503467,11
6,955,14_7_brightness20.657_contrast0.853_gamma0.897.jpg,2.39766402232744,2.8164838371503467,11
7,1115,3_8_brightness23.167_contrast0.857_gamma0.731.jpg,1.973922838633024,2.8164838371503467,11
