,Unnamed: 0,image_name,diopter,average_diopter,grid_number
0,45,24_C_contrast0.86_gamma1.039_equalization11.303.jpg,2.53416908547123,2.8906050599839594,18
1,222,6_2_contrast0.847_gamma0.953_equalization11.709.jpg,3.417043120390848,2.8906050599839594,18
2,470,39_2_contrast0.905_gamma1.083_equalization7.542.jpg,2.790467085300666,2.8906050599839594,18
3,985,3_9_contrast0.931_gamma0.99_equalization5.915.jpg,2.820740948773094,2.8906050599839594,18
