,Unnamed: 0,image_name,diopter,average_diopter,grid_number
0,485,13_S_gamma0.508_sharpness0.468_equalization23.582.jpg,2.621665745156341,2.926366737034914,5
1,653,5_B_gamma0.619_sharpness0.535_equalization27.334.jpg,4.952357677803737,2.926366737034914,5
2,739,24_I_gamma0.646_sharpness0.347_equalization30.176.jpg,3.251015662464178,2.926366737034914,5
3,868,21_0_gamma0.587_sharpness0.595_equalization23.424.jpg,2.172527023873123,2.926366737034914,5
4,1030,16_3_gamma0.569_sharpness0.357_equalization26.161.jpg,1.634267575877189,2.926366737034914,5
