,Unnamed: 0,image_name,diopter,average_diopter,grid_number
0,106,18_3_brightness21.07_gamma1.001_sharpness0.688.jpg,2.940449539953207,2.608848415447574,26
1,279,16_8_brightness22.8_gamma0.986_sharpness0.943.jpg,2.355707660788578,2.608848415447574,26
2,363,40_8_brightness26.032_gamma0.922_sharpness0.927.jpg,1.490951347593975,2.608848415447574,26
3,509,7_9_brightness23.191_gamma0.94_sharpness0.743.jpg,2.960499809153682,2.608848415447574,26
4,680,3_S_brightness21.082_gamma0.938_sharpness1.0.jpg,3.891722271337381,2.608848415447574,26
5,900,35_P_brightness22.58_gamma1.055_sharpness0.988.jpg,2.877004577950383,2.608848415447574,26
6,1051,12_B_brightness21.01_gamma1.022_sharpness0.914.jpg,1.74560370135581,2.608848415447574,26
