,Unnamed: 0,image_name,diopter,average_diopter,grid_number
0,15,43_7_contrast1.194_gamma0.894_sharpness0.34.jpg,3.031081994548743,2.492702944456068,16
1,185,11_P_contrast1.11_gamma0.811_sharpness0.514.jpg,3.721540816941165,2.492702944456068,16
2,417,3_I_contrast1.133_gamma0.722_sharpness0.616.jpg,1.632222603894056,2.492702944456068,16
3,596,11_S_contrast1.118_gamma0.889_sharpness0.354.jpg,1.835248718138452,2.492702944456068,16
4,811,28_1_contrast1.186_gamma0.873_sharpness0.468.jpg,1.891938543928376,2.492702944456068,16
5,969,34_2_contrast1.188_gamma0.852_sharpness0.446.jpg,2.844184989285615,2.492702944456068,16
