,Unnamed: 0,image_name,diopter,average_diopter,grid_number
0,1,19_T_brightness4.401_contrast1.033_gamma1.087.jpg,2.557004755785525,3.221083789111075,21
1,187,21_3_brightness5.317_contrast0.992_gamma0.988.jpg,3.678865162664481,3.221083789111075,21
2,392,6_I_brightness4.227_contrast0.938_gamma0.976.jpg,4.469017975782507,3.221083789111075,21
3,419,6_0_brightness9.988_contrast0.948_gamma0.974.jpg,3.46682079065297,3.221083789111075,21
4,598,22_1_brightness4.416_contrast0.935_gamma1.07.jpg,2.49788900642391,3.221083789111075,21
5,971,38_C_brightness0.298_contrast0.994_gamma0.903.jpg,2.656905043357052,3.221083789111075,21
