,Unnamed: 0,image_name,diopter,average_diopter,grid_number
0,36,42_S_contrast1.058_gamma1.049_equalization16.764.jpg,2.600524529470477,2.737657948176161,22
1,206,22_8_contrast0.965_gamma0.975_equalization20.671.jpg,3.735005329893095,2.737657948176161,22
2,621,44_I_contrast0.974_gamma1.002_equalization14.609.jpg,2.833313212616813,2.737657948176161,22
3,973,2_B_contrast0.975_gamma0.995_equalization13.858.jpg,2.688548486151884,2.737657948176161,22
4,1130,7_B_contrast1.019_gamma0.964_equalization20.866.jpg,1.830898182748536,2.737657948176161,22
