,Unnamed: 0,image_name,diopter,average_diopter,grid_number
0,180,21_T_contrast1.14_gamma0.806_equalization11.033.jpg,3.386804189631375,2.4932095731339574,15
1,1119,32_P_contrast1.092_gamma0.894_equalization11.252.jpg,1.59961495663654,2.4932095731339574,15
