,Unnamed: 0,image_name,diopter,average_diopter,grid_number
0,68,33_T_contrast0.96_gamma1.038_sharpness0.532.jpg,2.213351708261366,2.9669098143727948,22
1,242,18_0_contrast1.023_gamma1.092_sharpness0.552.jpg,3.591659657479118,2.9669098143727948,22
2,479,36_P_contrast0.99_gamma1.071_sharpness0.653.jpg,3.095718077377901,2.9669098143727948,22
