,Unnamed: 0,image_name,diopter,average_diopter,grid_number
0,576,39_9_contrast0.837_gamma0.801_sharpness0.002.jpg,2.183293208091386,2.372736348099499,9
1,933,37_1_contrast0.825_gamma0.882_sharpness0.144.jpg,2.562179488107613,2.372736348099499,9
