,Unnamed: 0,image_name,diopter,average_diopter,grid_number
0,103,7_0_contrast0.943_gamma0.87_sharpness0.574.jpg,3.263767309824757,3.1571837075782287,13
1,292,46_1_contrast1.024_gamma0.734_sharpness0.408.jpg,2.268569452020927,3.1571837075782287,13
2,362,27_8_contrast0.942_gamma0.891_sharpness0.65.jpg,3.436185502556788,3.1571837075782287,13
3,526,23_2_contrast1.008_gamma0.856_sharpness0.333.jpg,3.445167953748453,3.1571837075782287,13
4,699,38_0_contrast0.965_gamma0.737_sharpness0.435.jpg,4.51287663859858,3.1571837075782287,13
5,749,3_1_contrast0.988_gamma0.738_sharpness0.469.jpg,3.114352253221346,3.1571837075782287,13
6,897,6_3_contrast1.02_gamma0.866_sharpness0.418.jpg,3.390714381002755,3.1571837075782287,13
7,1069,41_B_contrast0.967_gamma0.716_sharpness0.388.jpg,1.825836169652226,3.1571837075782287,13
