,Unnamed: 0,image_name,diopter,average_diopter,grid_number
0,657,13_E_contrast1.179_gamma0.595_equalization17.99.jpg,5.36854946532567,3.2859464239169722,7
1,872,37_1_contrast1.164_gamma0.527_equalization18.572.jpg,2.787455347139277,3.2859464239169722,7
2,1032,40_1_contrast1.199_gamma0.533_equalization15.381.jpg,1.701834459285971,3.2859464239169722,7
