,Unnamed: 0,image_name,diopter,average_diopter,grid_number
0,291,35_9_brightness18.954_contrast1.131_gamma0.62.jpg,2.235988670465189,2.8943287581098036,7
1,361,19_B_brightness18.105_contrast1.139_gamma1.072.jpg,1.687756763958875,2.8943287581098036,7
2,525,21_T_brightness13.526_contrast1.149_gamma0.674.jpg,3.722928904952828,2.8943287581098036,7
3,698,36_3_brightness10.927_contrast1.198_gamma0.594.jpg,4.494749507450828,2.8943287581098036,7
4,896,2_9_brightness13.612_contrast1.081_gamma0.643.jpg,3.314339137687327,2.8943287581098036,7
5,1068,38_8_brightness14.587_contrast1.143_gamma0.592.jpg,1.910209564143775,2.8943287581098036,7
