,Unnamed: 0,image_name,diopter,average_diopter,grid_number
0,66,24_S_brightness22.582_contrast0.933_gamma1.05.jpg,2.330545015464617,2.8017499428428843,20
1,151,3_1_brightness26.109_contrast0.859_gamma0.952.jpg,4.073897867988229,2.8017499428428843,20
2,325,5_9_brightness23.029_contrast0.891_gamma1.038.jpg,2.594740170341902,2.8017499428428843,20
3,579,42_P_brightness28.912_contrast0.881_gamma1.005.jpg,2.844420354621896,2.8017499428428843,20
4,786,26_T_brightness23.607_contrast0.894_gamma1.087.jpg,2.048667908736918,2.8017499428428843,20
5,936,46_T_brightness28.724_contrast0.843_gamma0.927.jpg,2.918228339903744,2.8017499428428843,20
