,Unnamed: 0,image_name,diopter,average_diopter,grid_number
0,153,17_8_brightness28.601_contrast1.167_gamma0.894.jpg,4.381356676422303,2.651243135563499,17
1,327,8_1_brightness21.972_contrast1.145_gamma0.728.jpg,2.49508304125885,2.651243135563499,17
2,581,44_I_brightness22.742_contrast1.132_gamma0.898.jpg,2.609003346620637,2.651243135563499,17
3,788,30_0_brightness29.593_contrast1.103_gamma0.716.jpg,2.359785708918586,2.651243135563499,17
4,1101,40_T_brightness25.609_contrast1.076_gamma0.894.jpg,1.410986904597118,2.651243135563499,17
