,Unnamed: 0,image_name,diopter,average_diopter,grid_number
0,96,35_T_gamma0.503_sharpness0.434_equalization5.309.jpg,4.256268917786268,3.3563943000776737,3
1,274,27_2_gamma0.652_sharpness0.479_equalization4.485.jpg,2.018763747884136,3.3563943000776737,3
2,504,11_T_gamma0.536_sharpness0.643_equalization12.446.jpg,3.506984146128164,3.3563943000776737,3
3,672,12_3_gamma0.659_sharpness0.379_equalization12.924.jpg,3.844746963118544,3.3563943000776737,3
4,742,8_E_gamma0.578_sharpness0.483_equalization5.115.jpg,5.102860785317139,3.3563943000776737,3
5,874,6_7_gamma0.51_sharpness0.555_equalization11.432.jpg,2.667143838532981,3.3563943000776737,3
6,1042,31_3_gamma0.521_sharpness0.612_equalization7.465.jpg,2.097991701776486,3.3563943000776737,3
