,Unnamed: 0,image_name,diopter,average_diopter,grid_number
0,53,27_1_gamma1.07_sharpness0.514_equalization8.8.jpg,2.807434841990605,2.496415945670574,21
1,232,4_E_gamma0.954_sharpness0.546_equalization9.713.jpg,3.436384722423119,2.496415945670574,21
2,462,12_P_gamma0.965_sharpness0.463_equalization12.4.jpg,2.40932673837632,2.496415945670574,21
3,843,28_B_gamma1.004_sharpness0.336_equalization12.928.jpg,1.332517479892252,2.496415945670574,21
