,Unnamed: 0,image_name,diopter,average_diopter,grid_number
0,52,25_S_contrast1.058_gamma1.002_equalization31.71.jpg,2.824921976689974,3.1454419059427305,23
1,231,2_B_contrast1.002_gamma0.958_equalization28.034.jpg,3.434001189273931,3.1454419059427305,23
2,461,11_E_contrast1.057_gamma0.966_equalization23.514.jpg,2.73242259984936,3.1454419059427305,23
3,652,42_T_contrast0.952_gamma0.999_equalization29.102.jpg,4.321161595810131,3.1454419059427305,23
4,732,36_I_contrast1.002_gamma1.064_equalization31.185.jpg,3.016953685781576,3.1454419059427305,23
5,842,23_8_contrast0.969_gamma1.099_equalization22.733.jpg,2.54319038825141,3.1454419059427305,23
