,Unnamed: 0,image_name,diopter,average_diopter,grid_number
0,127,29_S_contrast0.983_gamma0.671_equalization15.46.jpg,3.633506567396492,3.2929896313336204,4
1,298,24_E_contrast0.994_gamma0.503_equalization19.783.jpg,2.647972026415799,3.2929896313336204,4
2,368,18_8_contrast1.038_gamma0.565_equalization16.292.jpg,2.039365854452541,3.2929896313336204,4
3,704,16_P_contrast1.033_gamma0.515_equalization16.015.jpg,6.047499266726685,3.2929896313336204,4
4,920,36_B_contrast1.057_gamma0.662_equalization20.594.jpg,3.679735403017428,3.2929896313336204,4
5,1077,41_S_contrast0.942_gamma0.585_equalization14.194.jpg,1.709858669992775,3.2929896313336204,4
