,Unnamed: 0,image_name,diopter,average_diopter,grid_number
0,182,28_E_brightness13.652_contrast1.042_gamma0.511.jpg,2.976004390849797,2.662285296708725,4
1,585,8_9_brightness12.486_contrast1.015_gamma0.69.jpg,2.889715977768274,2.662285296708725,4
2,810,37_8_brightness12.933_contrast1.056_gamma0.652.jpg,3.176827678014555,2.662285296708725,4
3,948,19_C_brightness13.645_contrast1.018_gamma0.631.jpg,2.933649984424056,2.662285296708725,4
4,1107,5_3_brightness17.077_contrast1.059_gamma0.636.jpg,1.335228452486942,2.662285296708725,4
