,Unnamed: 0,image_name,diopter,average_diopter,grid_number
0,341,28_1_contrast1.189_gamma0.678_equalization7.763.jpg,2.369865704993096,2.3958319182117656,6
1,573,28_8_contrast1.098_gamma0.511_equalization9.48.jpg,2.106045830197066,2.3958319182117656,6
2,781,6_9_contrast1.198_gamma0.664_equalization10.72.jpg,2.920750102128484,2.3958319182117656,6
3,930,2_8_contrast1.07_gamma0.524_equalization8.476.jpg,3.078664820205838,2.3958319182117656,6
4,1106,37_1_contrast1.141_gamma0.587_equalization7.501.jpg,1.503833133534342,2.3958319182117656,6
