,Unnamed: 0,image_name,diopter,average_diopter,grid_number
0,4,29_I_brightness0.352_gamma1.059_sharpness0.109.jpg,2.594432866020024,3.1132353273696696,18
1,190,34_1_brightness3.384_gamma1.048_sharpness0.153.jpg,3.488686970405535,3.1132353273696696,18
2,395,23_2_brightness4.257_gamma0.921_sharpness0.054.jpg,3.298381752363976,3.1132353273696696,18
3,422,17_0_brightness1.3_gamma1.047_sharpness0.155.jpg,3.857165294663504,3.1132353273696696,18
4,601,37_B_brightness7.709_gamma0.943_sharpness0.176.jpg,1.972217150820872,3.1132353273696696,18
5,804,6_2_brightness3.921_gamma0.912_sharpness0.084.jpg,3.462198226332126,3.1132353273696696,18
6,954,13_3_brightness6.132_gamma0.917_sharpness0.318.jpg,3.119565030981651,3.1132353273696696,18
