,Unnamed: 0,image_name,diopter,average_diopter,grid_number
0,43,4_0_brightness26.147_contrast0.877_gamma0.557.jpg,3.305454554857368,3.8366809060443336,2
1,238,37_I_brightness20.237_contrast0.829_gamma0.555.jpg,3.552628398801017,3.8366809060443336,2
2,468,35_S_brightness24.369_contrast0.861_gamma0.66.jpg,4.651959764474615,3.8366809060443336,2
