,Unnamed: 0,image_name,diopter,average_diopter,grid_number
0,14,40_1_brightness3.21_contrast1.135_gamma0.828.jpg,2.661206645814423,2.6269052627172806,15
1,184,7_9_brightness7.451_contrast1.141_gamma0.741.jpg,3.904140000097835,2.6269052627172806,15
2,595,10_I_brightness9.538_contrast1.153_gamma0.711.jpg,1.945029555510247,2.6269052627172806,15
3,968,33_8_brightness1.887_contrast1.129_gamma0.847.jpg,1.997244849446618,2.6269052627172806,15
