,Unnamed: 0,image_name,diopter,average_diopter,grid_number
0,240,6_3_brightness24.138_contrast0.992_gamma0.957.jpg,3.717990844080795,4.232266713568911,23
1,477,33_S_brightness27.282_contrast0.94_gamma1.031.jpg,3.379417241602074,4.232266713568911,23
2,646,11_7_brightness26.587_contrast1.012_gamma0.971.jpg,6.345447829031655,4.232266713568911,23
3,858,28_S_brightness20.991_contrast1.038_gamma1.015.jpg,3.48621093956112,4.232266713568911,23
