,Unnamed: 0,image_name,diopter,average_diopter,grid_number
0,491,31_C_contrast1.025_gamma0.807_equalization26.124.jpg,2.760929957524765,2.897945462369561,14
1,849,3_B_contrast0.993_gamma0.747_equalization25.059.jpg,3.816788653973175,2.897945462369561,14
2,1019,3_P_contrast0.952_gamma0.73_equalization31.555.jpg,2.116117775610741,2.897945462369561,14
