,Unnamed: 0,image_name,diopter,average_diopter,grid_number
0,117,36_9_gamma0.622_sharpness0.19_equalization11.188.jpg,3.833332267295811,3.2568576826373317,0
1,287,14_C_gamma0.504_sharpness0.248_equalization10.649.jpg,2.679300911474538,3.2568576826373317,0
2,521,1_C_gamma0.553_sharpness0.312_equalization5.174.jpg,2.677685835472313,3.2568576826373317,0
3,694,21_7_gamma0.573_sharpness0.096_equalization9.993.jpg,4.539469920761281,3.2568576826373317,0
4,756,28_T_gamma0.585_sharpness0.283_equalization6.543.jpg,3.939202119066738,3.2568576826373317,0
5,907,41_E_gamma0.558_sharpness0.08_equalization9.006.jpg,3.359891818442614,3.2568576826373317,0
6,1064,27_0_gamma0.556_sharpness0.183_equalization10.951.jpg,1.76912090594803,3.2568576826373317,0
