,Unnamed: 0,image_name,diopter,average_diopter,grid_number
0,590,26_2_contrast0.972_gamma0.747_sharpness0.81.jpg,2.841093001868599,2.264105041811857,14
1,937,10_S_contrast0.966_gamma0.726_sharpness0.769.jpg,2.427180743059425,2.264105041811857,14
2,1112,38_9_contrast1.058_gamma0.748_sharpness0.983.jpg,1.524041380507547,2.264105041811857,14
