,Unnamed: 0,image_name,diopter,average_diopter,grid_number
0,340,26_3_contrast1.081_gamma0.954_equalization16.011.jpg,2.454776191645721,2.4271626401721416,25
1,572,24_E_contrast1.173_gamma0.937_equalization21.007.jpg,1.47099237992387,2.4271626401721416,25
2,780,3_2_contrast1.122_gamma0.944_equalization18.147.jpg,2.906822703120639,2.4271626401721416,25
3,946,45_0_contrast1.119_gamma0.993_equalization16.973.jpg,2.876059285998336,2.4271626401721416,25
