,Unnamed: 0,image_name,diopter,average_diopter,grid_number
0,44,14_9_gamma0.972_sharpness0.223_equalization10.107.jpg,2.793453419297588,3.554202418749868,18
1,221,3_S_gamma0.909_sharpness0.122_equalization11.981.jpg,3.59002943367678,3.554202418749868,18
2,469,36_P_gamma0.912_sharpness0.242_equalization10.089.jpg,4.553421728412871,3.554202418749868,18
3,728,29_8_gamma1.01_sharpness0.241_equalization7.648.jpg,3.279905093612234,3.554202418749868,18
