,Unnamed: 0,image_name,diopter,average_diopter,grid_number
0,336,14_1_brightness15.914_contrast0.905_gamma0.79.jpg,2.826392271227524,2.2147476363536187,10
1,568,15_8_brightness14.421_contrast0.885_gamma0.819.jpg,2.040717621329784,2.2147476363536187,10
2,800,38_3_brightness14.956_contrast0.896_gamma0.789.jpg,2.071706680635449,2.2147476363536187,10
3,942,30_1_brightness18.439_contrast0.923_gamma0.719.jpg,2.644421212329574,2.2147476363536187,10
4,1104,11_B_brightness10.622_contrast0.907_gamma0.759.jpg,1.490500396245762,2.2147476363536187,10
