,Unnamed: 0,image_name,diopter,average_diopter,grid_number
0,59,3_0_brightness8.313_contrast1.181_gamma0.909.jpg,2.833583313778974,3.687920492670436,24
1,493,42_2_brightness1.311_contrast1.095_gamma0.999.jpg,1.989986305666093,3.687920492670436,24
2,660,33_7_brightness8.327_contrast1.108_gamma1.057.jpg,7.693528435960405,3.687920492670436,24
3,851,9_8_brightness2.918_contrast1.105_gamma0.985.jpg,4.468341184081045,3.687920492670436,24
4,1021,6_3_brightness9.245_contrast1.1_gamma0.976.jpg,1.454163223865665,3.687920492670436,24
