,Unnamed: 0,image_name,diopter,average_diopter,grid_number
0,2,22_C_gamma0.85_sharpness0.947_equalization23.169.jpg,2.812984605602278,3.014360872161008,17
1,188,25_2_gamma0.837_sharpness0.952_equalization27.978.jpg,3.945646227458517,3.014360872161008,17
2,393,12_C_gamma0.855_sharpness0.844_equalization29.371.jpg,3.864275855523254,3.014360872161008,17
3,420,10_8_gamma0.78_sharpness0.697_equalization26.891.jpg,3.446463939746309,3.014360872161008,17
4,599,23_9_gamma0.739_sharpness0.946_equalization23.445.jpg,2.800411819413203,3.014360872161008,17
5,812,43_8_gamma0.7_sharpness0.715_equalization29.663.jpg,1.601411108112619,3.014360872161008,17
6,972,47_7_gamma0.848_sharpness0.684_equalization23.227.jpg,2.629332549270878,3.014360872161008,17
