,Unnamed: 0,image_name,diopter,average_diopter,grid_number
0,178,9_1_brightness6.42_contrast1.17_gamma0.585.jpg,3.581906705776311,3.3540207191888203,6
1,399,40_I_brightness6.971_contrast1.09_gamma0.594.jpg,2.764159270911426,3.3540207191888203,6
2,427,39_8_brightness8.374_contrast1.126_gamma0.565.jpg,3.981110810793535,3.3540207191888203,6
3,678,47_1_brightness7.981_contrast1.069_gamma0.584.jpg,5.546883290658635,3.3540207191888203,6
4,808,26_I_brightness6.444_contrast1.175_gamma0.658.jpg,2.585771671039758,3.3540207191888203,6
5,1118,13_7_brightness6.555_contrast1.1_gamma0.649.jpg,1.664292565953255,3.3540207191888203,6
