,Unnamed: 0,image_name,diopter,average_diopter,grid_number
0,105,12_9_brightness7.977_contrast0.814_gamma0.633.jpg,3.809411046187452,3.1608552942678707,0
1,278,12_T_brightness8.389_contrast0.818_gamma0.539.jpg,2.143075988916628,3.1608552942678707,0
2,528,42_1_brightness3.297_contrast0.866_gamma0.535.jpg,3.291936902875472,3.1608552942678707,0
3,679,1_3_brightness9.32_contrast0.828_gamma0.634.jpg,6.671340529705176,3.1608552942678707,0
4,751,10_E_brightness3.989_contrast0.863_gamma0.671.jpg,1.821642780220682,3.1608552942678707,0
5,899,30_7_brightness4.589_contrast0.908_gamma0.567.jpg,2.332070577633516,3.1608552942678707,0
6,1050,7_C_brightness3.309_contrast0.842_gamma0.682.jpg,2.056509234336169,3.1608552942678707,0
