,Unnamed: 0,image_name,diopter,average_diopter,grid_number
0,63,12_8_gamma1.096_sharpness0.908_equalization30.178.jpg,2.722038779539957,3.4606898879327566,26
1,474,23_C_gamma1.024_sharpness0.693_equalization26.97.jpg,2.928475265304904,3.4606898879327566,26
2,514,30_2_gamma1.006_sharpness0.933_equalization22.426.jpg,4.79749874935179,3.4606898879327566,26
3,663,38_C_gamma0.917_sharpness0.996_equalization25.704.jpg,4.336590867997705,3.4606898879327566,26
4,855,21_7_gamma0.949_sharpness0.881_equalization31.893.jpg,4.015961454121698,3.4606898879327566,26
5,1024,22_8_gamma0.92_sharpness0.835_equalization27.301.jpg,1.963574211280485,3.4606898879327566,26
