,Unnamed: 0,image_name,diopter,average_diopter,grid_number
0,56,42_1_brightness18.046_contrast0.809_gamma0.682.jpg,2.758944593059461,3.1870042350568344,1
1,235,22_3_brightness18.831_contrast0.899_gamma0.669.jpg,3.441804351613321,3.1870042350568344,1
2,465,25_9_brightness12.75_contrast0.866_gamma0.69.jpg,2.718961532329919,3.1870042350568344,1
3,642,27_B_brightness12.395_contrast0.822_gamma0.556.jpg,3.860984245883076,3.1870042350568344,1
4,726,20_T_brightness11.257_contrast0.872_gamma0.649.jpg,3.114560523461247,3.1870042350568344,1
5,846,36_1_brightness18.295_contrast0.835_gamma0.676.jpg,3.226770163993982,3.1870042350568344,1
