,Unnamed: 0,image_name,diopter,average_diopter,grid_number
0,69,38_3_gamma0.755_sharpness0.578_equalization19.7.jpg,2.373283552117501,2.6985119511181335,13
1,243,24_B_gamma0.885_sharpness0.355_equalization17.931.jpg,3.486705368224575,2.6985119511181335,13
2,480,40_E_gamma0.86_sharpness0.632_equalization20.779.jpg,2.477898581009926,2.6985119511181335,13
3,860,42_S_gamma0.838_sharpness0.648_equalization15.27.jpg,3.478536488455106,2.6985119511181335,13
4,1028,44_0_gamma0.817_sharpness0.503_equalization17.317.jpg,1.67613576578356,2.6985119511181335,13
