,Unnamed: 0,image_name,diopter,average_diopter,grid_number
0,101,32_9_gamma0.624_sharpness0.09_equalization30.728.jpg,3.892138972221298,3.3861692227791202,2
1,207,24_8_gamma0.561_sharpness0.244_equalization22.23.jpg,3.924393036903375,3.3861692227791202,2
2,266,7_7_gamma0.616_sharpness0.176_equalization23.841.jpg,1.963910333886897,3.3861692227791202,2
3,516,38_B_gamma0.573_sharpness0.143_equalization30.974.jpg,4.895783529494292,3.3861692227791202,2
4,687,23_8_gamma0.669_sharpness0.008_equalization29.394.jpg,4.851479686662708,3.3861692227791202,2
5,888,19_9_gamma0.577_sharpness0.153_equalization25.782.jpg,2.478308298186144,3.3861692227791202,2
6,1058,40_S_gamma0.697_sharpness0.313_equalization25.777.jpg,1.69717070209913,3.3861692227791202,2
