,Unnamed: 0,image_name,diopter,average_diopter,grid_number
0,38,23_B_brightness17.446_gamma1.032_sharpness0.669.jpg,2.531039554488552,2.8749476716726736,25
1,140,34_7_brightness12.955_gamma1.027_sharpness0.925.jpg,3.979343839259089,2.8749476716726736,25
2,308,25_T_brightness12.745_gamma0.906_sharpness0.776.jpg,2.120624175021901,2.8749476716726736,25
3,378,19_2_brightness11.0_gamma0.996_sharpness0.917.jpg,3.113538311202189,2.8749476716726736,25
4,551,45_C_brightness19.303_gamma1.087_sharpness0.731.jpg,2.630192478391636,2.8749476716726736,25
