,Unnamed: 0,image_name,diopter,average_diopter,grid_number
0,13,36_2_contrast0.929_gamma1.038_sharpness0.295.jpg,3.10567232977065,2.4297379667024557,18
1,183,4_P_contrast0.915_gamma1.025_sharpness0.067.jpg,3.517502883449909,2.4297379667024557,18
2,594,9_T_contrast0.829_gamma1.046_sharpness0.109.jpg,2.498392745075559,2.4297379667024557,18
3,819,46_B_contrast0.832_gamma0.979_sharpness0.035.jpg,1.615731718387806,2.4297379667024557,18
4,967,30_1_contrast0.916_gamma0.94_sharpness0.315.jpg,2.483625596289724,2.4297379667024557,18
5,1121,20_C_contrast0.862_gamma1.016_sharpness0.241.jpg,1.357502527241085,2.4297379667024557,18
