,Unnamed: 0,image_name,diopter,average_diopter,grid_number
0,498,35_0_contrast0.907_gamma0.947_sharpness0.418.jpg,3.179491079026161,3.293206937314374,19
1,882,33_C_contrast0.83_gamma1.012_sharpness0.357.jpg,3.406922795602588,3.293206937314374,19
