,Unnamed: 0,image_name,diopter,average_diopter,grid_number
0,9,9_E_brightness4.899_gamma1.087_sharpness0.456.jpg,3.063521417244013,3.0289224276848175,21
1,198,27_P_brightness6.367_gamma1.099_sharpness0.548.jpg,3.712753052446543,3.0289224276848175,21
2,615,27_B_brightness6.508_gamma0.904_sharpness0.426.jpg,2.689651701631677,3.0289224276848175,21
3,816,27_9_brightness8.784_gamma1.042_sharpness0.617.jpg,2.851776937814234,3.0289224276848175,21
4,963,19_7_brightness7.271_gamma0.966_sharpness0.397.jpg,2.82690902928762,3.0289224276848175,21
