,Unnamed: 0,image_name,diopter,average_diopter,grid_number
0,179,11_1_gamma0.82_sharpness0.247_equalization18.921.jpg,3.75605908759569,2.9090805059284777,10
1,400,44_2_gamma0.723_sharpness0.329_equalization13.428.jpg,2.589665459380011,2.9090805059284777,10
2,428,42_8_gamma0.882_sharpness0.145_equalization18.098.jpg,3.624019762853766,2.9090805059284777,10
3,582,4_I_gamma0.779_sharpness0.233_equalization20.051.jpg,2.733952851968522,2.9090805059284777,10
4,809,32_P_gamma0.774_sharpness0.013_equalization19.253.jpg,2.098676936950052,2.9090805059284777,10
5,959,36_0_gamma0.887_sharpness0.132_equalization17.198.jpg,2.652108936822823,2.9090805059284777,10
