,Unnamed: 0,image_name,diopter,average_diopter,grid_number
0,139,33_8_contrast0.903_gamma0.783_equalization28.883.jpg,3.934523654640114,2.711751113376481,11
1,307,24_3_contrast0.835_gamma0.854_equalization28.743.jpg,2.150962014573172,2.711751113376481,11
2,377,14_P_contrast0.887_gamma0.809_equalization24.71.jpg,2.229073359456717,2.711751113376481,11
3,550,34_7_contrast0.905_gamma0.877_equalization26.443.jpg,2.532445424835922,2.711751113376481,11
