,Unnamed: 0,image_name,diopter,average_diopter,grid_number
0,12,15_T_brightness10.015_gamma0.819_sharpness0.145.jpg,3.175650497685591,2.7932964974319647,10
1,201,41_9_brightness17.05_gamma0.895_sharpness0.292.jpg,3.784183234396584,2.7932964974319647,10
2,593,4_3_brightness18.897_gamma0.734_sharpness0.063.jpg,2.517713231998422,2.7932964974319647,10
3,818,37_1_brightness19.741_gamma0.86_sharpness0.173.jpg,2.143907791767221,2.7932964974319647,10
4,966,29_2_brightness12.436_gamma0.865_sharpness0.041.jpg,2.345027731312005,2.7932964974319647,10
