,Unnamed: 0,image_name,diopter,average_diopter,grid_number
0,60,4_1_brightness29.29_gamma0.714_sharpness0.313.jpg,2.721296671732692,3.5121986172834077,11
1,494,46_2_brightness28.596_gamma0.79_sharpness0.237.jpg,3.586029325859886,3.5121986172834077,11
2,661,35_T_brightness25.623_gamma0.797_sharpness0.155.jpg,5.787787386333765,3.5121986172834077,11
3,733,17_7_brightness27.82_gamma0.812_sharpness0.144.jpg,3.07928197099566,3.5121986172834077,11
4,852,10_B_brightness25.011_gamma0.802_sharpness0.222.jpg,4.11066975450365,3.5121986172834077,11
5,1022,17_S_brightness21.986_gamma0.851_sharpness0.093.jpg,1.788126594274793,3.5121986172834077,11
