,Unnamed: 0,image_name,diopter,average_diopter,grid_number
0,323,2_8_contrast1.141_gamma1.062_equalization4.395.jpg,2.505618772220259,2.8197095835835637,24
1,577,40_E_contrast1.177_gamma0.904_equalization6.194.jpg,2.166075747162904,2.8197095835835637,24
2,784,21_C_contrast1.149_gamma1.014_equalization11.092.jpg,4.823900247342139,2.8197095835835637,24
3,934,40_0_contrast1.193_gamma1.0_equalization7.933.jpg,3.009245509058101,2.8197095835835637,24
4,1098,14_I_contrast1.169_gamma1.1_equalization6.993.jpg,1.593707642134417,2.8197095835835637,24
