,Unnamed: 0,image_name,diopter,average_diopter,grid_number
0,488,26_T_contrast0.856_gamma0.684_sharpness0.537.jpg,2.46991166138564,2.8134192125473505,1
1,656,12_7_contrast0.801_gamma0.617_sharpness0.582.jpg,4.09668306651971,2.8134192125473505,1
2,741,35_B_contrast0.862_gamma0.607_sharpness0.399.jpg,2.241011566904528,2.8134192125473505,1
3,871,35_E_contrast0.883_gamma0.552_sharpness0.563.jpg,2.446070555379523,2.8134192125473505,1
