,Unnamed: 0,image_name,diopter,average_diopter,grid_number
0,57,46_E_contrast0.883_gamma0.551_sharpness0.185.jpg,2.913307070301048,3.372208288254013,0
1,236,35_I_contrast0.912_gamma0.52_sharpness0.322.jpg,3.492545617502218,3.372208288254013,0
2,466,26_C_contrast0.834_gamma0.667_sharpness0.243.jpg,1.805693192190025,3.372208288254013,0
3,643,28_7_contrast0.839_gamma0.695_sharpness0.155.jpg,6.130085428453108,3.372208288254013,0
4,727,22_9_contrast0.8_gamma0.503_sharpness0.09.jpg,2.835910891418049,3.372208288254013,0
5,847,38_C_contrast0.849_gamma0.604_sharpness0.323.jpg,3.055707529659632,3.372208288254013,0
