,Unnamed: 0,image_name,diopter,average_diopter,grid_number
0,92,16_S_contrast0.829_gamma0.508_equalization4.275.jpg,3.973151454029491,3.1659527569576693,0
1,270,17_8_contrast0.818_gamma0.672_equalization12.038.jpg,2.176130505175085,3.1659527569576693,0
2,520,44_3_contrast0.905_gamma0.534_equalization7.752.jpg,4.873230907499384,3.1659527569576693,0
3,748,29_E_contrast0.888_gamma0.667_equalization6.566.jpg,3.255477322665126,3.1659527569576693,0
4,892,39_B_contrast0.857_gamma0.51_equalization4.177.jpg,2.98170206153704,3.1659527569576693,0
5,1109,14_1_contrast0.932_gamma0.689_equalization5.82.jpg,1.736024290839893,3.1659527569576693,0
