,Unnamed: 0,image_name,diopter,average_diopter,grid_number
0,113,7_8_brightness22.665_contrast0.968_gamma0.586.jpg,4.26482403072332,3.524741491505721,5
1,302,29_T_brightness28.076_contrast0.945_gamma0.616.jpg,2.115514143149134,3.524741491505721,5
2,372,37_S_brightness28.123_contrast0.969_gamma0.508.jpg,1.944066787908457,3.524741491505721,5
3,708,30_7_brightness20.27_contrast0.984_gamma0.535.jpg,6.559911651278994,3.524741491505721,5
4,902,26_P_brightness28.714_contrast1.011_gamma0.553.jpg,2.739390844468701,3.524741491505721,5
