,Unnamed: 0,image_name,diopter,average_diopter,grid_number
0,23,33_2_contrast0.826_gamma0.938_equalization19.021.jpg,2.949473931304289,2.872770455086762,19
1,193,17_1_contrast0.84_gamma1.009_equalization16.283.jpg,3.426812625424449,2.872770455086762,19
2,610,17_I_contrast0.92_gamma0.926_equalization18.677.jpg,2.512292188926513,2.872770455086762,19
3,823,34_2_contrast0.817_gamma1.094_equalization17.319.jpg,2.175834824473126,2.872770455086762,19
4,981,46_8_contrast0.887_gamma0.928_equalization20.693.jpg,4.597770410882938,2.872770455086762,19
5,1127,37_7_contrast0.901_gamma0.989_equalization14.469.jpg,1.574438749509254,2.872770455086762,19
