,Unnamed: 0,image_name,diopter,average_diopter,grid_number
0,154,29_I_contrast1.162_gamma1.06_sharpness0.311.jpg,3.791544300975553,2.6859722684386966,24
1,328,10_1_contrast1.088_gamma0.965_sharpness0.01.jpg,2.285105441363728,2.6859722684386966,24
2,559,6_P_contrast1.15_gamma1.069_sharpness0.126.jpg,2.247689639204338,2.6859722684386966,24
3,789,31_8_contrast1.195_gamma0.957_sharpness0.301.jpg,2.419549692211167,2.6859722684386966,24
