,Unnamed: 0,image_name,diopter,average_diopter,grid_number
0,108,27_E_brightness18.472_contrast1.067_gamma0.902.jpg,3.418738777779598,3.0610206061382206,25
1,120,43_2_brightness13.965_contrast1.119_gamma1.09.jpg,3.425910871636884,3.0610206061382206,25
2,290,29_C_brightness16.88_contrast1.074_gamma0.982.jpg,2.185575260745643,3.0610206061382206,25
3,524,20_0_brightness13.823_contrast1.123_gamma1.083.jpg,3.8931245296794,3.0610206061382206,25
4,697,32_8_brightness11.339_contrast1.127_gamma0.926.jpg,3.968831399584994,3.0610206061382206,25
5,758,42_E_brightness12.225_contrast1.179_gamma0.979.jpg,2.657005697764655,3.0610206061382206,25
6,910,47_7_brightness11.575_contrast1.156_gamma1.091.jpg,3.27575919071902,3.0610206061382206,25
7,1067,35_P_brightness16.851_contrast1.111_gamma0.973.jpg,1.663219121195573,3.0610206061382206,25
