,Unnamed: 0,image_name,diopter,average_diopter,grid_number
0,152,11_3_brightness24.118_contrast1.181_gamma0.662.jpg,3.89039993710955,2.634112857359825,8
1,326,7_7_brightness28.213_contrast1.075_gamma0.556.jpg,2.503204979283846,2.634112857359825,8
2,580,43_2_brightness23.234_contrast1.199_gamma0.687.jpg,2.533793309828368,2.634112857359825,8
3,787,29_B_brightness28.162_contrast1.127_gamma0.505.jpg,2.936350816829415,2.634112857359825,8
4,1100,30_1_brightness28.922_contrast1.137_gamma0.569.jpg,1.306815243747946,2.634112857359825,8
