,Unnamed: 0,image_name,diopter,average_diopter,grid_number
0,61,5_3_gamma0.97_sharpness0.378_equalization16.112.jpg,2.649032371065329,3.367037997473164,22
1,472,15_S_gamma1.011_sharpness0.463_equalization15.989.jpg,2.986116599225215,3.367037997473164,22
2,662,36_B_gamma0.984_sharpness0.487_equalization18.907.jpg,5.407067004709709,3.367037997473164,22
3,853,15_0_gamma0.942_sharpness0.541_equalization19.093.jpg,3.78466764013864,3.367037997473164,22
4,1023,19_9_gamma0.938_sharpness0.487_equalization20.193.jpg,2.008306372226926,3.367037997473164,22
