,Unnamed: 0,image_name,diopter,average_diopter,grid_number
0,25,39_0_contrast1.168_gamma0.68_sharpness0.405.jpg,3.33002384485935,3.913439333014252,7
1,195,21_I_contrast1.116_gamma0.515_sharpness0.469.jpg,3.543647701765239,3.913439333014252,7
2,612,23_E_contrast1.136_gamma0.665_sharpness0.652.jpg,2.340339867401799,3.913439333014252,7
3,813,13_I_contrast1.139_gamma0.697_sharpness0.488.jpg,7.126937999843453,3.913439333014252,7
4,960,1_T_contrast1.149_gamma0.527_sharpness0.475.jpg,3.226247251201422,3.913439333014252,7
