,Unnamed: 0,image_name,diopter,average_diopter,grid_number
0,128,36_0_brightness24.796_gamma0.923_sharpness0.163.jpg,8.209975170294095,3.848708820730788,20
1,299,25_I_brightness22.472_gamma1.096_sharpness0.087.jpg,2.049259635346465,3.848708820730788,20
2,369,27_P_brightness25.204_gamma1.099_sharpness0.172.jpg,3.625211041484873,3.848708820730788,20
3,705,19_C_brightness27.939_gamma1.037_sharpness0.019.jpg,4.220270979602415,3.848708820730788,20
4,921,44_T_brightness22.404_gamma1.089_sharpness0.043.jpg,3.454046760164474,3.848708820730788,20
5,1078,44_1_brightness22.818_gamma1.024_sharpness0.189.jpg,1.533489337492405,3.848708820730788,20
