,Unnamed: 0,image_name,diopter,average_diopter,grid_number
0,592,37_B_gamma0.797_sharpness0.399_equalization10.112.jpg,2.104375082986715,2.6565233795059737,12
1,797,18_E_gamma0.724_sharpness0.461_equalization11.548.jpg,3.795208906835538,2.6565233795059737,12
2,939,12_B_gamma0.726_sharpness0.367_equalization9.308.jpg,2.877976138453763,2.6565233795059737,12
3,1114,47_B_gamma0.845_sharpness0.377_equalization9.378.jpg,1.84853338974788,2.6565233795059737,12
