,Unnamed: 0,image_name,diopter,average_diopter,grid_number
0,116,23_P_gamma0.78_sharpness0.774_equalization15.291.jpg,3.442189894434834,3.1754285017024517,16
1,286,9_C_gamma0.846_sharpness0.847_equalization21.54.jpg,2.94536318338855,3.1754285017024517,16
2,693,9_3_gamma0.826_sharpness0.863_equalization20.883.jpg,4.418372399554403,3.1754285017024517,16
3,906,40_7_gamma0.773_sharpness0.792_equalization18.098.jpg,3.405639874710883,3.1754285017024517,16
4,1063,26_I_gamma0.81_sharpness0.971_equalization16.42.jpg,1.66557715642359,3.1754285017024517,16
