,Unnamed: 0,image_name,diopter,average_diopter,grid_number
0,99,42_B_brightness23.698_gamma0.642_sharpness0.048.jpg,4.265523498255186,4.152354640615373,2
1,507,29_3_brightness21.426_gamma0.52_sharpness0.065.jpg,3.139533157475588,4.152354640615373,2
2,675,33_3_brightness27.428_gamma0.688_sharpness0.034.jpg,4.094479729351152,4.152354640615373,2
3,743,19_3_brightness24.791_gamma0.641_sharpness0.133.jpg,9.468430354093252,4.152354640615373,2
4,877,15_P_brightness28.93_gamma0.585_sharpness0.191.jpg,2.352538759688289,4.152354640615373,2
5,1044,41_9_brightness20.414_gamma0.556_sharpness0.212.jpg,1.593622344828769,4.152354640615373,2
