,Unnamed: 0,image_name,diopter,average_diopter,grid_number
0,499,36_0_brightness21.25_gamma0.872_sharpness0.394.jpg,3.530562904863002,3.0578578087061157,14
1,667,25_S_brightness23.587_gamma0.846_sharpness0.548.jpg,4.11148321194824,3.0578578087061157,14
2,863,1_3_brightness28.412_gamma0.714_sharpness0.626.jpg,3.230676622472761,3.0578578087061157,14
3,1036,12_3_brightness20.939_gamma0.878_sharpness0.644.jpg,1.358708495540459,3.0578578087061157,14
