,Unnamed: 0,image_name,diopter,average_diopter,grid_number
0,3,28_P_brightness22.841_contrast0.958_gamma0.805.jpg,2.497085542686383,2.987616622303596,14
1,189,32_1_brightness26.715_contrast1.059_gamma0.799.jpg,3.134703489089789,2.987616622303596,14
2,394,16_S_brightness22.16_contrast0.985_gamma0.834.jpg,3.639836835438644,2.987616622303596,14
3,421,12_3_brightness28.765_contrast1.025_gamma0.73.jpg,3.734760714587409,2.987616622303596,14
4,600,29_8_brightness22.316_contrast1.02_gamma0.895.jpg,2.518194431174674,2.987616622303596,14
5,803,3_C_brightness24.119_contrast1.056_gamma0.738.jpg,2.183510069173232,2.987616622303596,14
6,953,5_I_brightness20.115_contrast1.049_gamma0.7.jpg,3.205225273975042,2.987616622303596,14
