,Unnamed: 0,image_name,diopter,average_diopter,grid_number
0,90,5_8_brightness4.067_gamma0.674_sharpness0.465.jpg,3.592657794107288,3.1155559090775156,3
1,268,14_T_brightness6.24_gamma0.645_sharpness0.632.jpg,2.308760868387025,3.1155559090775156,3
2,518,42_0_brightness9.622_gamma0.553_sharpness0.331.jpg,3.853955616583926,3.1155559090775156,3
3,689,29_0_brightness1.442_gamma0.617_sharpness0.594.jpg,3.943851996551384,3.1155559090775156,3
4,746,10_I_brightness7.044_gamma0.57_sharpness0.476.jpg,3.634126036965936,3.1155559090775156,3
5,890,23_0_brightness8.098_gamma0.581_sharpness0.496.jpg,2.62170333869969,3.1155559090775156,3
6,1047,4_S_brightness7.639_gamma0.572_sharpness0.485.jpg,1.853835712247365,3.1155559090775156,3
