,Unnamed: 0,image_name,diopter,average_diopter,grid_number
0,343,44_T_contrast0.93_gamma1.013_equalization29.398.jpg,1.922393946639561,2.0272446976453184,20
1,575,32_1_contrast0.811_gamma0.919_equalization23.157.jpg,2.362628203556849,2.0272446976453184,20
2,783,11_8_contrast0.899_gamma0.979_equalization25.134.jpg,2.622679390567205,2.0272446976453184,20
3,932,24_P_contrast0.875_gamma1.065_equalization27.33.jpg,1.890409772576583,2.0272446976453184,20
4,1097,3_T_contrast0.898_gamma0.948_equalization27.969.jpg,1.338112174886396,2.0272446976453184,20
