,Unnamed: 0,image_name,diopter,average_diopter,grid_number
0,496,16_9_brightness8.463_contrast1.018_gamma0.629.jpg,3.298551141800182,2.7280931111837248,3
1,880,24_E_brightness8.459_contrast1.063_gamma0.671.jpg,2.5485442391993,2.7280931111837248,3
2,1034,2_C_brightness2.102_contrast1.034_gamma0.536.jpg,2.337183952551693,2.7280931111837248,3
