,Unnamed: 0,image_name,diopter,average_diopter,grid_number
0,98,41_C_brightness16.24_contrast0.908_gamma0.922.jpg,4.094613864671512,3.0066667218381076,19
1,276,42_0_brightness14.773_contrast0.84_gamma1.051.jpg,2.210843700874958,3.0066667218381076,19
2,506,23_C_brightness19.067_contrast0.93_gamma1.007.jpg,2.666655170826782,3.0066667218381076,19
3,674,24_8_brightness16.788_contrast0.889_gamma0.965.jpg,3.542463100547733,3.0066667218381076,19
4,876,12_T_brightness15.028_contrast0.885_gamma1.018.jpg,2.518757772269551,3.0066667218381076,19
