,Unnamed: 0,image_name,diopter,average_diopter,grid_number
0,62,11_C_contrast1.077_gamma0.701_sharpness0.748.jpg,2.239143168649273,3.454848502451025,17
1,473,17_B_contrast1.083_gamma0.844_sharpness0.724.jpg,3.894384752566876,3.454848502451025,17
2,735,24_3_contrast1.154_gamma0.829_sharpness0.73.jpg,3.759721502481809,3.454848502451025,17
3,854,19_T_contrast1.085_gamma0.769_sharpness0.756.jpg,3.926144586106141,3.454848502451025,17
