,Unnamed: 0,image_name,diopter,average_diopter,grid_number
0,313,47_3_brightness6.702_gamma0.886_sharpness0.534.jpg,2.435682434758702,2.7914232631771068,12
1,383,43_9_brightness2.147_gamma0.711_sharpness0.655.jpg,3.289183081056021,2.7914232631771068,12
2,914,8_2_brightness8.162_gamma0.765_sharpness0.37.jpg,3.30020673403944,2.7914232631771068,12
3,1071,2_7_brightness5.273_gamma0.763_sharpness0.563.jpg,2.140620802854266,2.7914232631771068,12
