frame,フレーム数,diopter,Unnamed: 0,filename,param1,param1_value,param2,param2_value,param3,param3_value,status,image_name,times,figure,contrast,gamma,sharpness,brightness,equalization
600.0,840,3.4340011892739306,1.0,pictures\transformed\roomDark_figureBright\B.JPG,contrast,1.00231819434777,gamma,0.9583434456531148,equalization,28.03394052746437,1.0,2_B_contrast1.002_gamma0.958_equalization28.034.jpg,2.0,B,1.002,0.958,0.0,0.0,28.034
1200.0,1402,3.4363847224231185,3.0,pictures\transformed\roomDark_figureBright\E.JPG,gamma,0.9541604104941186,sharpness,0.5464760253838796,equalization,9.712509149623076,2.0,4_E_gamma0.954_sharpness0.546_equalization9.713.jpg,4.0,E,0.0,0.954,0.546,0.0,9.713
3300.0,3474,3.515258993213831,10.0,pictures\transformed\roomDark_figureBright\P.JPG,gamma,0.906736302076352,sharpness,0.643246667755087,equalization,26.13669349255773,2.0,11_P_gamma0.907_sharpness0.643_equalization26.137.jpg,11.0,P,0.0,0.907,0.643,0.0,26.137
5700.0,5904,3.410289841560665,18.0,pictures\transformed\roomDark_figureBright\1.JPG,brightness,1.868476911056833,contrast,0.9200462817079164,sharpness,0.5009823176434877,0.0,19_1_brightness1.868_contrast0.92_sharpness0.501.jpg,19.0,1,0.92,0.0,0.501,1.868,0.0
6600.0,6816,3.441804351613321,21.0,pictures\transformed\roomDark_figureBright\3.JPG,brightness,18.83081778664427,contrast,0.8987700532626789,gamma,0.6686968081925988,0.0,22_3_brightness18.831_contrast0.899_gamma0.669.jpg,22.0,3,0.899,0.669,0.0,18.831,0.0
10500.0,10682,3.492545617502218,34.0,pictures\transformed\roomDark_figureBright\I.JPG,contrast,0.9117198880289934,gamma,0.5203899463747815,sharpness,0.3223761972677019,1.0,35_I_contrast0.912_gamma0.52_sharpness0.322.jpg,35.0,I,0.912,0.52,0.322,0.0,0.0
10800.0,11031,3.319766400851373,35.0,pictures\transformed\roomDark_figureBright\T.JPG,contrast,1.19824480410623,gamma,0.9137407180748648,sharpness,0.9134265625584794,2.0,36_T_contrast1.198_gamma0.914_sharpness0.913.jpg,36.0,T,1.198,0.914,0.913,0.0,0.0
11100.0,11317,3.552628398801017,36.0,pictures\transformed\roomDark_figureBright\I.JPG,brightness,20.2374058922206,contrast,0.8292728052200289,gamma,0.5553775668891907,1.0,37_I_brightness20.237_contrast0.829_gamma0.555.jpg,37.0,I,0.829,0.555,0.0,20.237,0.0
,11585,2.6074176887044245,,,,,,,,,,,,,,,,,
