frame,フレーム数,diopter,Unnamed: 0,filename,param1,param1_value,param2,param2_value,param3,param3_value,status,image_name,times,figure,contrast,gamma,sharpness,brightness,equalization
300.0,199,4.243980063616436,0.0,pictures\transformed\roomDark_figureBright\1.JPG,brightness,22.37766699022093,contrast,0.8944091941133215,sharpness,0.3998059160744239,0.0,1_1_brightness22.378_contrast0.894_sharpness0.4.jpg,1.0,1,0.894,0.0,0.4,22.378,0.0
1200.0,1400,3.738343198070452,3.0,pictures\transformed\roomDark_figureBright\I.JPG,contrast,0.9512594908056744,sharpness,0.7320172664390079,equalization,29.43921584150012,1.0,4_I_contrast0.951_sharpness0.732_equalization29.439.jpg,4.0,I,0.951,0.0,0.732,0.0,29.439
1500.0,1711,3.662987789422798,4.0,pictures\transformed\roomDark_figureBright\8.JPG,brightness,7.076124399249664,contrast,1.199889642312546,sharpness,0.4833757478724029,2.0,5_8_brightness7.076_contrast1.2_sharpness0.483.jpg,5.0,8,1.2,0.0,0.483,7.076,0.0
2700.0,2902,3.581906705776311,8.0,pictures\transformed\roomDark_figureBright\1.JPG,brightness,6.420184643167915,contrast,1.169619788245394,gamma,0.5846637536490682,2.0,9_1_brightness6.42_contrast1.17_gamma0.585.jpg,9.0,1,1.17,0.585,0.0,6.42,0.0
3300.0,3553,3.75605908759569,10.0,pictures\transformed\roomDark_figureBright\1.JPG,gamma,0.8198564936562354,sharpness,0.2470034459077834,equalization,18.92096206025166,0.0,11_1_gamma0.82_sharpness0.247_equalization18.921.jpg,11.0,1,0.0,0.82,0.247,0.0,18.921
6300.0,6550,3.386804189631375,20.0,pictures\transformed\roomDark_figureBright\T.JPG,contrast,1.140421663415558,gamma,0.8063452606647767,equalization,11.0330832589026,1.0,21_T_contrast1.14_gamma0.806_equalization11.033.jpg,21.0,T,1.14,0.806,0.0,0.0,11.033
7500.0,7697,3.191428438965064,24.0,pictures\transformed\roomDark_figureBright\S.JPG,gamma,1.021590670747058,sharpness,0.1696049509117721,equalization,15.11413428224586,1.0,25_S_gamma1.022_sharpness0.17_equalization15.114.jpg,25.0,S,0.0,1.022,0.17,0.0,15.114
8400.0,8633,2.976004390849797,27.0,pictures\transformed\roomDark_figureBright\E.JPG,brightness,13.65218155429275,contrast,1.042070906918785,gamma,0.5109070051003758,2.0,28_E_brightness13.652_contrast1.042_gamma0.511.jpg,28.0,E,1.042,0.511,0.0,13.652,0.0
,13004,3.105773057882562,,,,,,,,,,,,,,,,,
