,Unnamed: 0,image_name,diopter,average_diopter,grid_number
0,473,43_T_brightness20.0_contrast1.0_sharpness0.46.jpg,3.155707358125971,3.0303725300800277,13
1,595,19_T_sharpness0.38_brightness12.0_contrast0.98.jpg,3.125988599158716,3.0303725300800277,13
2,736,16_9_brightness13.0_contrast0.96_sharpness0.55.jpg,2.165142948141052,3.0303725300800277,13
3,805,32_1_contrast1.0_brightness15.0_sharpness0.38.jpg,3.254511409028185,3.0303725300800277,13
4,1066,41_1_sharpness0.42_brightness18.0_contrast1.0.jpg,3.450512335946214,3.0303725300800277,13
