,Unnamed: 0,image_name,diopter,average_diopter,grid_number
0,694,34_P_contrast0.91_brightness23.0_sharpness0.7.jpg,2.911675377763441,2.685119096174529,8
1,944,9_3_sharpness0.96_contrast0.83_brightness25.0.jpg,3.346472613240967,2.685119096174529,8
2,1105,3_7_sharpness0.8_brightness28.0_contrast0.9.jpg,2.630846984961413,2.685119096174529,8
3,1105,3_7_sharpness0.8_brightness28.0_contrast0.9.jpg,1.817956077928717,2.685119096174529,8
4,1110,16_P_contrast0.84_sharpness0.7_brightness29.0.jpg,3.640079556437036,2.685119096174529,8
5,1231,3_7_sharpness0.8_brightness28.0_contrast0.9.jpg,2.630846984961413,2.685119096174529,8
6,1231,3_7_sharpness0.8_brightness28.0_contrast0.9.jpg,1.817956077928717,2.685119096174529,8
