,Unnamed: 0,image_name,diopter,average_diopter,grid_number
0,579,16_S_brightness5.1_sharpness0.8_contrast1.0.jpg,3.000768524137661,2.0713292685872444,15
1,1088,44_0_contrast1.1_brightness2.2_sharpness0.92.jpg,1.385085327415185,2.0713292685872444,15
2,1088,44_0_contrast1.1_brightness2.2_sharpness0.92.jpg,2.292853581984095,2.0713292685872444,15
3,1202,44_0_contrast1.1_brightness2.2_sharpness0.92.jpg,1.385085327415185,2.0713292685872444,15
4,1202,44_0_contrast1.1_brightness2.2_sharpness0.92.jpg,2.292853581984095,2.0713292685872444,15
