,Unnamed: 0,image_name,diopter,average_diopter,grid_number
0,484,41_S_contrast1.1_sharpness0.31_equalization32.0.jpg,2.966683932949328,3.0295119328998292,19
1,528,42_B_contrast1.1_sharpness0.14_equalization28.0.jpg,3.393679961131699,3.0295119328998292,19
2,573,19_8_contrast1.1_sharpness0.16_equalization25.0.jpg,2.950095670237479,3.0295119328998292,19
3,577,34_T_sharpness0.12_contrast1.2_equalization30.0.jpg,2.955862575323124,3.0295119328998292,19
4,752,3_8_sharpness0.26_contrast1.1_equalization28.0.jpg,2.583557526491344,3.0295119328998292,19
5,1000,29_9_sharpness0.14_contrast1.1_equalization24.0.jpg,3.327191931266,3.0295119328998292,19
