,Unnamed: 0,image_name,diopter,average_diopter,grid_number
0,398,32_9_sharpness0.43_brightness0.89_contrast1.0.jpg,2.405104471064831,3.0390098531395786,12
1,455,21_T_contrast1.1_brightness8.6_sharpness0.39.jpg,3.46225028120916,3.0390098531395786,12
2,524,23_2_brightness1.7_contrast1.0_sharpness0.5.jpg,3.20242309363444,3.0390098531395786,12
3,727,26_7_sharpness0.52_brightness2.5_contrast0.94.jpg,3.086261566649883,3.0390098531395786,12
