,Unnamed: 0,image_name,diopter,average_diopter,grid_number
0,581,45_1_sharpness0.82_contrast1.2_equalization14.0.jpg,3.086596194627013,3.350296633936992,24
1,651,39_S_sharpness0.69_contrast1.2_equalization19.0.jpg,2.829730020108276,3.350296633936992,24
2,849,26_E_contrast1.1_sharpness0.88_equalization19.0.jpg,3.217059760846741,3.350296633936992,24
3,1220,17_8_contrast1.2_sharpness0.8_equalization17.0.jpg,4.267800560165939,3.350296633936992,24
