,Unnamed: 0,image_name,diopter,average_diopter,grid_number
0,419,28_1_sharpness0.024_contrast0.82_brightness18.0.jpg,2.678215627170516,2.2342360591838504,1
1,1127,15_0_brightness15.0_sharpness0.097_contrast0.88.jpg,2.773157664019737,2.2342360591838504,1
2,1127,15_0_brightness15.0_sharpness0.097_contrast0.88.jpg,1.473324670354631,2.2342360591838504,1
3,1259,15_0_brightness15.0_sharpness0.097_contrast0.88.jpg,2.773157664019737,2.2342360591838504,1
4,1259,15_0_brightness15.0_sharpness0.097_contrast0.88.jpg,1.473324670354631,2.2342360591838504,1
