,Unnamed: 0,image_name,diopter,average_diopter,grid_number
0,453,12_S_sharpness0.17_contrast0.98_equalization7.7.jpg,3.85361666110528,3.8101922148476124,8
1,813,40_P_sharpness0.28_contrast0.96_equalization5.2.jpg,3.756003575836342,3.8101922148476124,8
2,918,12_1_sharpness0.31_contrast0.96_equalization13.0.jpg,2.799380440501653,3.8101922148476124,8
3,1047,32_2_contrast0.99_sharpness0.1_equalization6.1.jpg,3.037776911981735,3.8101922148476124,8
4,1188,47_T_sharpness0.059_contrast1.0_equalization6.0.jpg,3.444399995004843,3.8101922148476124,8
5,1188,47_T_sharpness0.059_contrast1.0_equalization6.0.jpg,5.072980069673101,3.8101922148476124,8
6,1323,47_T_sharpness0.059_contrast1.0_equalization6.0.jpg,3.444399995004843,3.8101922148476124,8
7,1323,47_T_sharpness0.059_contrast1.0_equalization6.0.jpg,5.072980069673101,3.8101922148476124,8
