,Unnamed: 0,image_name,diopter,average_diopter,grid_number
0,548,7_B_contrast0.96_sharpness0.47_brightness25.0.jpg,2.99880126080892,3.3197545285592023,14
1,640,24_S_sharpness0.4_brightness30.0_contrast1.0.jpg,2.682321031643913,3.3197545285592023,14
2,645,40_I_contrast1.0_sharpness0.48_brightness28.0.jpg,3.228775997063097,3.3197545285592023,14
3,939,20_1_sharpness0.34_brightness24.0_contrast1.0.jpg,4.387001678962091,3.3197545285592023,14
4,1027,22_7_brightness20.0_contrast0.98_sharpness0.57.jpg,3.301872674317991,3.3197545285592023,14
