,Unnamed: 0,image_name,diopter,average_diopter,grid_number
0,79,42_S_contrast0.99_sharpness0.67_equalization8.5.jpg,2.709300091617727,3.3382611972856884,14
1,1107,7_9_sharpness0.7_contrast1.1_equalization12.0.jpg,2.997394181797486,3.3382611972856884,14
2,1107,7_9_sharpness0.7_contrast1.1_equalization12.0.jpg,4.405357771230086,3.3382611972856884,14
3,1181,2_E_contrast1.0_sharpness0.68_equalization7.2.jpg,2.672226894336369,3.3382611972856884,14
4,1181,2_E_contrast1.0_sharpness0.68_equalization7.2.jpg,3.592546494612794,3.3382611972856884,14
5,1233,7_9_sharpness0.7_contrast1.1_equalization12.0.jpg,2.997394181797486,3.3382611972856884,14
6,1233,7_9_sharpness0.7_contrast1.1_equalization12.0.jpg,4.405357771230086,3.3382611972856884,14
7,1315,2_E_contrast1.0_sharpness0.68_equalization7.2.jpg,2.672226894336369,3.3382611972856884,14
8,1315,2_E_contrast1.0_sharpness0.68_equalization7.2.jpg,3.592546494612794,3.3382611972856884,14
