,Unnamed: 0,image_name,diopter,average_diopter,grid_number
0,433,33_I_brightness13.0_contrast1.2_sharpness0.06.jpg,2.99927557690759,3.3866894068784505,19
1,538,24_8_brightness19.0_contrast1.1_sharpness0.25.jpg,3.029431205777136,3.3866894068784505,19
2,1120,37_0_contrast1.1_sharpness0.3_brightness12.0.jpg,3.347248339715347,3.3866894068784505,19
3,1120,37_0_contrast1.1_sharpness0.3_brightness12.0.jpg,3.917677480040374,3.3866894068784505,19
4,1198,46_T_contrast1.1_brightness11.0_sharpness0.18.jpg,4.415803649313455,3.3866894068784505,19
5,1200,20_T_contrast1.1_sharpness0.2_brightness10.0.jpg,2.119153183517981,3.3866894068784505,19
6,1247,37_0_contrast1.1_sharpness0.3_brightness12.0.jpg,3.347248339715347,3.3866894068784505,19
7,1247,37_0_contrast1.1_sharpness0.3_brightness12.0.jpg,3.917677480040374,3.3866894068784505,19
