,Unnamed: 0,image_name,diopter,average_diopter,grid_number
0,413,44_7_contrast1.2_sharpness0.68_equalization6.7.jpg,3.145466847023731,3.257164525913721,23
1,557,12_2_sharpness0.83_contrast1.1_equalization8.9.jpg,2.827905756459768,3.257164525913721,23
2,580,20_8_contrast1.1_sharpness0.93_equalization6.1.jpg,3.141205439339819,3.257164525913721,23
3,783,20_I_contrast1.2_sharpness0.81_equalization5.2.jpg,2.867801437750539,3.257164525913721,23
4,1165,24_T_contrast1.1_sharpness0.86_equalization4.6.jpg,2.72742830848277,3.257164525913721,23
5,1165,24_T_contrast1.1_sharpness0.86_equalization4.6.jpg,4.310040054885185,3.257164525913721,23
6,1299,24_T_contrast1.1_sharpness0.86_equalization4.6.jpg,2.72742830848277,3.257164525913721,23
7,1299,24_T_contrast1.1_sharpness0.86_equalization4.6.jpg,4.310040054885185,3.257164525913721,23
