,Unnamed: 0,image_name,diopter,average_diopter,grid_number
0,544,18_8_contrast0.91_sharpness0.64_brightness5.8.jpg,2.934407943188805,3.1484820816851085,3
1,607,9_E_sharpness0.38_contrast0.81_brightness8.8.jpg,3.108511288223132,3.1484820816851085,3
2,892,31_2_brightness9.7_contrast0.87_sharpness0.6.jpg,3.402527013643388,3.1484820816851085,3
