,Unnamed: 0,image_name,diopter,average_diopter,grid_number
0,173,28_7_contrast1.1_sharpness0.65_equalization8.9.jpg,1.778209292523081,2.3831853179240596,11
1,194,18_B_contrast1.1_sharpness0.52_equalization9.7.jpg,2.173829941562423,2.3831853179240596,11
2,259,47_P_contrast1.1_sharpness0.65_equalization9.0.jpg,2.41221797917076,2.3831853179240596,11
3,264,30_8_contrast1.1_sharpness0.51_equalization4.0.jpg,2.614125826844233,2.3831853179240596,11
4,338,1_P_contrast1.1_sharpness0.49_equalization7.4.jpg,3.191689574876592,2.3831853179240596,11
5,769,15_S_contrast0.94_sharpness0.65_equalization7.9.jpg,2.129039292567267,2.3831853179240596,11
