,Unnamed: 0,image_name,diopter,average_diopter,grid_number
0,427,37_7_contrast1.1_sharpness0.17_brightness30.0.jpg,3.080939040024857,3.1412179014701507,11
1,526,39_2_sharpness0.25_brightness24.0_contrast0.97.jpg,3.305634030288743,3.1412179014701507,11
2,928,10_8_brightness28.0_contrast1.0_sharpness0.12.jpg,3.037080634096852,3.1412179014701507,11
