,Unnamed: 0,image_name,diopter,average_diopter,grid_number
0,684,4_9_sharpness0.9_contrast1.2_equalization30.0.jpg,2.861436536679934,4.104847784819721,25
1,722,18_2_contrast1.1_sharpness0.98_equalization28.0.jpg,5.67158973943819,4.104847784819721,25
2,1241,5_T_contrast1.2_sharpness0.74_equalization23.0.jpg,3.78151707834104,4.104847784819721,25
