,Unnamed: 0,image_name,diopter,average_diopter,grid_number
0,479,17_S_contrast0.93_sharpness0.032_equalization30.0.jpg,3.328083997017827,3.021366772276614,1
1,482,32_C_sharpness0.28_contrast0.87_equalization24.0.jpg,3.180555900458912,3.021366772276614,1
2,546,34_T_contrast0.89_sharpness0.11_equalization26.0.jpg,3.058956967790196,3.021366772276614,1
3,547,38_1_contrast0.93_sharpness0.2_equalization32.0.jpg,3.12280619632467,3.021366772276614,1
4,609,25_2_contrast0.84_sharpness0.17_equalization23.0.jpg,3.374821759534596,3.021366772276614,1
5,610,47_8_sharpness0.04_contrast0.81_equalization23.0.jpg,2.807220695948835,3.021366772276614,1
6,866,45_0_sharpness0.13_contrast0.84_equalization25.0.jpg,2.277121888861264,3.021366772276614,1
