,Unnamed: 0,image_name,diopter,average_diopter,grid_number
0,474,47_T_gamma1.0_contrast1.1_equalization8.7.jpg,3.387630899239338,3.4163807754648663,22
1,861,28_S_contrast1.1_gamma1.0_equalization13.0.jpg,3.518753108546043,3.4163807754648663,22
2,887,3_C_gamma1.1_contrast1.1_equalization7.6.jpg,3.308986360984068,3.4163807754648663,22
3,941,23_9_gamma1.0_contrast1.2_equalization12.0.jpg,3.450152733090016,3.4163807754648663,22
