,Unnamed: 0,image_name,diopter,average_diopter,grid_number
0,950,34_I_sharpness0.75_gamma0.65_contrast1.0.jpg,3.41622884053032,3.1938084349602507,3
1,1024,12_S_sharpness0.67_contrast0.96_gamma0.61.jpg,2.971388029390181,3.1938084349602507,3
