,Unnamed: 0,image_name,diopter,average_diopter,grid_number
0,486,13_3_sharpness0.31_gamma0.87_equalization13.0.jpg,2.517837209020587,2.5707392028730425,5
1,689,38_C_gamma0.85_sharpness0.033_equalization12.0.jpg,2.623641196725498,2.5707392028730425,5
