,Unnamed: 0,image_name,diopter,average_diopter,grid_number
0,403,18_3_gamma0.64_brightness28.0_sharpness0.77.jpg,3.527203156098833,3.0999117958117375,5
1,507,40_0_brightness21.0_gamma0.61_sharpness0.83.jpg,2.616670806845916,3.0999117958117375,5
2,799,22_B_brightness25.0_sharpness0.82_gamma0.53.jpg,3.155861424490464,3.0999117958117375,5
