,Unnamed: 0,image_name,diopter,average_diopter,grid_number
0,705,44_P_brightness2.6_gamma0.51_sharpness0.57.jpg,2.505168654962943,2.7739128150916104,0
1,715,4_S_sharpness0.51_gamma0.52_brightness7.8.jpg,2.48422967276649,2.7739128150916104,0
2,841,20_7_sharpness0.48_brightness1.7_gamma0.65.jpg,3.408649741964372,2.7739128150916104,0
3,911,8_I_brightness4.1_gamma0.6_sharpness0.49.jpg,2.357023818639204,2.7739128150916104,0
4,996,9_I_gamma0.64_brightness0.35_sharpness0.62.jpg,3.114492187125043,2.7739128150916104,0
