,Unnamed: 0,image_name,diopter,average_diopter,grid_number
0,432,21_P_sharpness0.8_gamma0.82_equalization29.0.jpg,3.333276143345365,3.420359381963974,13
1,490,26_I_gamma0.84_sharpness0.96_equalization32.0.jpg,2.462835260647376,3.420359381963974,13
2,719,10_1_sharpness0.67_gamma0.73_equalization27.0.jpg,4.464966741899181,3.420359381963974,13
