,Unnamed: 0,image_name,diopter,average_diopter,grid_number
0,552,38_I_gamma1.1_sharpness0.36_contrast1.0.jpg,3.149543502284068,2.9744633990940783,20
1,1179,42_8_gamma1.1_sharpness0.5_contrast0.99.jpg,3.255647760536909,2.9744633990940783,20
2,1179,42_8_gamma1.1_sharpness0.5_contrast0.99.jpg,2.605738986056252,2.9744633990940783,20
3,1313,42_8_gamma1.1_sharpness0.5_contrast0.99.jpg,3.255647760536909,2.9744633990940783,20
4,1313,42_8_gamma1.1_sharpness0.5_contrast0.99.jpg,2.605738986056252,2.9744633990940783,20
