,Unnamed: 0,image_name,diopter,average_diopter,grid_number
0,920,18_B_gamma0.72_brightness3.6_contrast0.88.jpg,2.037166340512813,2.7780857048273124,7
1,1089,1_7_contrast0.89_brightness1.2_gamma0.84.jpg,4.186496976382325,2.7780857048273124,7
2,1148,7_P_brightness1.5_gamma0.85_contrast0.92.jpg,3.304898417671457,2.7780857048273124,7
3,1148,7_P_brightness1.5_gamma0.85_contrast0.92.jpg,1.917527038362911,2.7780857048273124,7
4,1283,7_P_brightness1.5_gamma0.85_contrast0.92.jpg,3.304898417671457,2.7780857048273124,7
5,1283,7_P_brightness1.5_gamma0.85_contrast0.92.jpg,1.917527038362911,2.7780857048273124,7
