,Unnamed: 0,image_name,diopter,average_diopter,grid_number
0,641,28_2_gamma0.98_sharpness0.49_equalization25.0.jpg,2.837459259695721,2.9187790903134267,19
1,764,19_1_gamma1.1_sharpness0.4_equalization23.0.jpg,3.000098920931132,2.9187790903134267,19
