,Unnamed: 0,image_name,diopter,average_diopter,grid_number
0,556,8_C_contrast0.87_gamma0.91_equalization25.0.jpg,2.743407100227533,2.8338286028228894,18
1,566,1_E_gamma1.1_contrast0.89_equalization22.0.jpg,3.090994247579476,2.8338286028228894,18
2,784,24_P_contrast0.82_gamma1.1_equalization24.0.jpg,3.580181377063283,2.8338286028228894,18
3,914,26_S_gamma1.0_contrast0.88_equalization24.0.jpg,1.920731686421266,2.8338286028228894,18
