,Unnamed: 0,image_name,diopter,average_diopter,grid_number
0,428,41_I_gamma0.95_contrast0.82_equalization19.0.jpg,3.075499346562828,2.9617521769882007,17
1,590,38_B_gamma1.0_contrast0.83_equalization15.0.jpg,2.972236583159309,2.9617521769882007,17
2,620,25_8_contrast0.84_gamma0.9_equalization21.0.jpg,2.990506482532459,2.9617521769882007,17
3,1052,6_P_contrast0.87_gamma1.0_equalization15.0.jpg,2.808766295698206,2.9617521769882007,17
