,Unnamed: 0,image_name,diopter,average_diopter,grid_number
0,554,47_S_gamma0.89_sharpness0.23_equalization30.0.jpg,2.958050444682387,3.34440425373634,7
1,625,9_1_sharpness0.16_gamma0.72_equalization31.0.jpg,3.988804962190138,3.34440425373634,7
2,979,22_0_sharpness0.068_gamma0.79_equalization29.0.jpg,2.934465522714968,3.34440425373634,7
3,1091,20_B_gamma0.84_sharpness0.19_equalization23.0.jpg,3.795357592849873,3.34440425373634,7
4,1091,20_B_gamma0.84_sharpness0.19_equalization23.0.jpg,2.969396830433571,3.34440425373634,7
5,1210,20_B_gamma0.84_sharpness0.19_equalization23.0.jpg,3.795357592849873,3.34440425373634,7
6,1210,20_B_gamma0.84_sharpness0.19_equalization23.0.jpg,2.969396830433571,3.34440425373634,7
