,Unnamed: 0,image_name,diopter,average_diopter,grid_number
0,393,1_E_sharpness0.22_brightness24.0_gamma0.89.jpg,2.20046621105978,2.8238176584064987,8
1,1065,33_I_gamma0.78_brightness21.0_sharpness0.27.jpg,3.125528208015728,2.8238176584064987,8
2,1124,40_P_brightness26.0_sharpness0.049_gamma0.9.jpg,3.251351316842863,2.8238176584064987,8
3,1124,40_P_brightness26.0_sharpness0.049_gamma0.9.jpg,2.557104448838879,2.8238176584064987,8
4,1256,40_P_brightness26.0_sharpness0.049_gamma0.9.jpg,3.251351316842863,2.8238176584064987,8
5,1256,40_P_brightness26.0_sharpness0.049_gamma0.9.jpg,2.557104448838879,2.8238176584064987,8
