,Unnamed: 0,image_name,diopter,average_diopter,grid_number
0,604,3_3_gamma0.58_contrast1.1_equalization28.0.jpg,2.626237019629384,2.9646858800661677,6
1,758,11_1_contrast1.2_gamma0.56_equalization23.0.jpg,3.303134740502951,2.9646858800661677,6
