,Unnamed: 0,image_name,diopter,average_diopter,grid_number
0,534,11_C_sharpness0.61_gamma0.8_equalization9.2.jpg,3.032262390508107,2.814948722848648,8
1,635,42_9_gamma0.81_sharpness0.49_equalization12.0.jpg,2.822633922701729,2.814948722848648,8
2,737,44_7_gamma0.82_sharpness0.4_equalization10.0.jpg,2.589949855336108,2.814948722848648,8
