,Unnamed: 0,image_name,diopter,average_diopter,grid_number
0,600,7_C_gamma0.75_sharpness0.13_contrast0.92.jpg,3.001271014588528,3.063250509996879,7
1,823,40_1_gamma0.78_sharpness0.3_contrast0.88.jpg,3.461629562357959,3.063250509996879,7
2,1015,19_1_sharpness0.048_contrast0.91_gamma0.88.jpg,2.726850953044151,3.063250509996879,7
