,Unnamed: 0,image_name,diopter,average_diopter,grid_number
0,633,34_0_brightness20.0_sharpness0.17_gamma0.63.jpg,3.10481174834609,3.079470766514322,26
1,709,20_2_sharpness0.09_brightness28.0_gamma0.56.jpg,3.054129784682554,3.079470766514322,26
