,Unnamed: 0,image_name,diopter,average_diopter,grid_number
0,614,37_P_gamma0.99_contrast1.0_equalization7.8.jpg,3.076527288879976,2.827225548063132,19
1,616,2_3_gamma1.0_contrast0.94_equalization11.0.jpg,2.430239223418261,2.827225548063132,19
2,691,12_9_gamma1.0_contrast0.97_equalization6.2.jpg,2.571492961774293,2.827225548063132,19
3,847,12_S_contrast0.94_gamma1.0_equalization9.0.jpg,3.230642718179999,2.827225548063132,19
