,Unnamed: 0,image_name,diopter,average_diopter,grid_number
0,411,27_S_gamma0.86_sharpness0.13_equalization19.0.jpg,2.86591527666359,2.9679889332684652,6
1,591,46_0_sharpness0.17_gamma0.84_equalization15.0.jpg,3.07006258987334,2.9679889332684652,6
