,Unnamed: 0,image_name,diopter,average_diopter,grid_number
0,446,7_2_sharpness0.55_gamma0.83_equalization28.0.jpg,2.743914775700601,2.820511542271615,10
1,549,15_B_sharpness0.54_gamma0.83_equalization27.0.jpg,3.225656546420648,2.820511542271615,10
2,575,29_2_sharpness0.65_gamma0.71_equalization31.0.jpg,2.90296139667501,2.820511542271615,10
3,924,2_T_sharpness0.64_gamma0.73_equalization23.0.jpg,2.491357644122587,2.820511542271615,10
4,1104,47_8_gamma0.85_sharpness0.6_equalization27.0.jpg,2.78820849277118,2.820511542271615,10
5,1104,47_8_gamma0.85_sharpness0.6_equalization27.0.jpg,2.811892494855858,2.820511542271615,10
6,1230,47_8_gamma0.85_sharpness0.6_equalization27.0.jpg,2.78820849277118,2.820511542271615,10
7,1230,47_8_gamma0.85_sharpness0.6_equalization27.0.jpg,2.811892494855858,2.820511542271615,10
