,Unnamed: 0,image_name,diopter,average_diopter,grid_number
0,717,46_I_brightness2.1_contrast0.92_gamma1.0.jpg,2.530708827056248,2.7921960598181736,16
1,801,43_3_gamma1.1_brightness7.6_contrast0.9.jpg,2.561959322527756,2.7921960598181736,16
2,1030,33_P_brightness5.0_gamma1.1_contrast0.93.jpg,3.283920029870517,2.7921960598181736,16
