,Unnamed: 0,image_name,diopter,average_diopter,grid_number
0,859,24_0_contrast0.98_brightness24.0_gamma0.63.jpg,3.702800277876225,3.3131537287280763,4
1,872,32_8_contrast1.0_brightness29.0_gamma0.68.jpg,2.90681211791187,3.3131537287280763,4
2,909,3_8_brightness26.0_contrast0.95_gamma0.68.jpg,3.329848790396133,3.3131537287280763,4
