,Unnamed: 0,image_name,diopter,average_diopter,grid_number
0,400,45_I_gamma0.78_contrast1.1_equalization18.0.jpg,2.657694311221901,2.921894771351264,14
1,967,11_P_contrast1.1_gamma0.9_equalization20.0.jpg,2.954972342086886,2.921894771351264,14
2,990,11_E_gamma0.87_contrast1.1_equalization17.0.jpg,3.153017660745006,2.921894771351264,14
