,Unnamed: 0,image_name,diopter,average_diopter,grid_number
0,751,1_3_sharpness0.66_gamma1.0_equalization11.0.jpg,3.308801127837122,3.4007194730278756,17
1,808,21_S_sharpness0.62_gamma0.99_equalization9.0.jpg,2.89199417585797,3.4007194730278756,17
2,1229,43_7_sharpness0.46_gamma1.0_equalization9.9.jpg,4.001363115388536,3.4007194730278756,17
