,Unnamed: 0,image_name,diopter,average_diopter,grid_number
0,449,33_2_contrast0.96_gamma0.51_equalization16.0.jpg,2.796918216972103,2.827142752933685,2
1,971,7_E_gamma0.52_contrast1.0_equalization19.0.jpg,2.857367288895267,2.827142752933685,2
