,Unnamed: 0,image_name,diopter,average_diopter,grid_number
0,457,1_7_brightness3.8_gamma0.98_sharpness0.24.jpg,2.813318767465223,2.871015862327255,15
1,582,4_2_gamma0.94_brightness5.6_sharpness0.12.jpg,2.928712957189287,2.871015862327255,15
