,Unnamed: 0,image_name,diopter,average_diopter,grid_number
0,726,24_S_brightness15.0_gamma0.98_sharpness0.0075.jpg,5.631136588629663,4.876391481462058,16
1,754,21_B_gamma1.1_sharpness0.032_brightness19.0.jpg,4.121646374294453,4.876391481462058,16
