,Unnamed: 0,image_name,diopter,average_diopter,grid_number
0,409,1_B_gamma0.87_sharpness0.67_equalization12.0.jpg,3.117338086822453,3.545834328827757,11
1,1195,16_2_sharpness0.91_gamma0.82_equalization10.0.jpg,3.974330570833061,3.545834328827757,11
