,Unnamed: 0,image_name,diopter,average_diopter,grid_number
0,396,17_2_sharpness0.36_gamma0.96_equalization19.0.jpg,2.610570470074822,2.747991550186923,18
1,465,47_E_gamma0.94_sharpness0.61_equalization14.0.jpg,3.099861306722364,2.747991550186923,18
2,505,3_B_gamma1.0_sharpness0.36_equalization22.0.jpg,2.364393821311275,2.747991550186923,18
3,700,24_8_gamma1.0_sharpness0.61_equalization15.0.jpg,2.977650451332691,2.747991550186923,18
4,1223,43_0_gamma1.1_sharpness0.48_equalization16.0.jpg,2.687481701493463,2.747991550186923,18
