,Unnamed: 0,image_name,diopter,average_diopter,grid_number
0,596,32_8_gamma1.0_sharpness0.25_equalization7.5.jpg,3.114172807509012,3.0328551894480755,14
1,660,30_8_sharpness0.28_gamma1.0_equalization4.4.jpg,2.511541977838798,3.0328551894480755,14
2,664,11_2_sharpness0.13_gamma0.92_equalization8.1.jpg,3.030297230109119,3.0328551894480755,14
3,699,19_2_sharpness0.25_gamma1.0_equalization8.8.jpg,3.125319133581103,3.0328551894480755,14
4,856,47_8_gamma1.0_sharpness0.055_equalization12.0.jpg,3.382944798202347,3.0328551894480755,14
