,Unnamed: 0,image_name,diopter,average_diopter,grid_number
0,975,10_0_brightness3.4_gamma1.0_contrast0.95.jpg,3.171244176630441,3.246135204389212,19
1,982,5_C_gamma1.0_brightness2.1_contrast0.98.jpg,3.136408496385573,3.246135204389212,19
2,983,6_8_contrast1.0_brightness9.1_gamma1.1.jpg,3.185210812603142,3.246135204389212,19
3,997,21_3_brightness0.17_gamma1.1_contrast1.0.jpg,3.491677331937693,3.246135204389212,19
