,Unnamed: 0,image_name,diopter,average_diopter,grid_number
0,463,23_2_gamma0.9_brightness13.0_sharpness0.79.jpg,2.977702346770462,3.3545583153790783,13
1,1006,6_1_sharpness0.97_gamma0.85_brightness14.0.jpg,3.731414283987695,3.3545583153790783,13
