,Unnamed: 0,image_name,diopter,average_diopter,grid_number
0,688,18_2_sharpness0.15_brightness1.9_gamma0.74.jpg,2.601198991570356,2.942486440924401,6
1,850,44_S_sharpness0.12_brightness2.0_gamma0.74.jpg,3.283773890278446,2.942486440924401,6
