,Unnamed: 0,image_name,diopter,average_diopter,grid_number
0,435,44_0_brightness14.0_gamma0.61_contrast0.9.jpg,3.08742533632524,3.575987855097528,0
1,621,28_B_gamma0.69_brightness13.0_contrast0.86.jpg,2.830768536562665,3.575987855097528,0
2,1167,12_3_brightness14.0_gamma0.53_contrast0.86.jpg,3.255031389359633,3.575987855097528,0
3,1167,12_3_brightness14.0_gamma0.53_contrast0.86.jpg,4.513835239489,3.575987855097528,0
4,1301,12_3_brightness14.0_gamma0.53_contrast0.86.jpg,3.255031389359633,3.575987855097528,0
5,1301,12_3_brightness14.0_gamma0.53_contrast0.86.jpg,4.513835239489,3.575987855097528,0
