,Unnamed: 0,image_name,diopter,average_diopter,grid_number
0,394,6_9_gamma0.69_sharpness0.56_brightness11.0.jpg,2.615419169352825,3.4257929538125955,1
1,613,32_3_gamma0.63_brightness14.0_sharpness0.66.jpg,3.147005462151584,3.4257929538125955,1
2,711,39_7_brightness13.0_sharpness0.54_gamma0.61.jpg,2.526501538385,3.4257929538125955,1
3,728,33_C_gamma0.5_brightness18.0_sharpness0.38.jpg,5.739295260947669,3.4257929538125955,1
4,1213,22_0_brightness10.0_gamma0.6_sharpness0.42.jpg,3.100743338225901,3.4257929538125955,1
