,Unnamed: 0,image_name,diopter,average_diopter,grid_number
0,404,24_1_gamma0.74_contrast1.1_sharpness0.79.jpg,3.170308331364572,3.3804523224337064,12
1,408,46_S_gamma0.76_contrast1.1_sharpness0.97.jpg,3.980668806526462,3.3804523224337064,12
2,803,18_0_sharpness0.95_gamma0.72_contrast0.98.jpg,2.990379829410085,3.3804523224337064,12
