,Unnamed: 0,image_name,diopter,average_diopter,grid_number
0,811,28_T_gamma1.0_contrast0.82_sharpness0.13.jpg,3.216813058488734,3.2851193741851112,16
1,896,25_E_sharpness0.32_contrast0.81_gamma0.98.jpg,3.003766970345513,3.2851193741851112,16
2,937,14_2_contrast0.89_sharpness0.091_gamma1.0.jpg,3.634778093721087,3.2851193741851112,16
