,Unnamed: 0,image_name,diopter,average_diopter,grid_number
0,466,7_S_contrast0.92_brightness11.0_gamma0.78.jpg,2.894251777620444,2.720078634251964,8
1,585,14_1_gamma0.86_brightness17.0_contrast0.92.jpg,2.98599956576212,2.720078634251964,8
2,690,46_1_brightness18.0_gamma0.75_contrast0.81.jpg,2.664531611418162,2.720078634251964,8
3,703,33_7_brightness12.0_contrast0.91_gamma0.78.jpg,2.629516898309848,2.720078634251964,8
4,738,47_I_contrast0.85_gamma0.81_brightness12.0.jpg,2.344915752473346,2.720078634251964,8
5,876,8_I_brightness14.0_gamma0.87_contrast0.87.jpg,2.80125619992786,2.720078634251964,8
