,Unnamed: 0,image_name,diopter,average_diopter,grid_number
0,395,9_3_sharpness0.69_gamma0.64_equalization29.0.jpg,2.883957515110195,3.960835060201839,4
1,636,44_T_sharpness0.85_gamma0.63_equalization22.0.jpg,3.082752162177229,3.960835060201839,4
2,643,31_T_sharpness0.82_gamma0.64_equalization26.0.jpg,2.444241930310514,3.960835060201839,4
3,721,17_9_sharpness0.75_gamma0.62_equalization23.0.jpg,4.85858095802235,3.960835060201839,4
4,730,5_1_sharpness0.75_gamma0.62_equalization22.0.jpg,6.534642735388908,3.960835060201839,4
