,Unnamed: 0,image_name,diopter,average_diopter,grid_number
0,567,3_P_contrast1.0_gamma1.1_equalization23.0.jpg,3.014743852905541,2.6765536476916494,21
1,639,20_T_gamma0.99_contrast0.99_equalization28.0.jpg,2.375823602314592,2.6765536476916494,21
2,685,9_C_gamma0.91_contrast1.0_equalization23.0.jpg,2.639093487854816,2.6765536476916494,21
