,Unnamed: 0,image_name,diopter,average_diopter,grid_number
0,445,5_T_gamma0.53_contrast1.1_equalization19.0.jpg,2.40098323428741,3.4021353637044784,5
1,559,19_0_gamma0.51_contrast1.2_equalization15.0.jpg,2.995205769969303,3.4021353637044784,5
2,652,45_T_gamma0.62_contrast1.1_equalization16.0.jpg,4.561914405029863,3.4021353637044784,5
3,671,47_3_gamma0.56_contrast1.2_equalization19.0.jpg,3.650438045531339,3.4021353637044784,5
