,Unnamed: 0,image_name,diopter,average_diopter,grid_number
0,438,21_1_brightness1.3_contrast0.94_gamma0.68.jpg,2.767943009328111,2.6810085178282255,2
1,450,14_B_brightness2.3_contrast1.1_gamma0.54.jpg,2.520722739343686,2.6810085178282255,2
2,761,37_7_brightness3.0_gamma0.5_contrast0.97.jpg,2.754359804812881,2.6810085178282255,2
